num__Pclass,num__Age,num__SibSp,num__Parch,num__Fare,num__FamilySize,num__IsAlone,num__FarePerPerson,cat__Sex_female,cat__Sex_male,cat__Embarked_C,cat__Embarked_Q,cat__Embarked_S,cat__Deck_A,cat__Deck_B,cat__Deck_C,cat__Deck_D,cat__Deck_E,cat__Deck_F,cat__Deck_G,cat__Deck_T,cat__Deck_U,cat__Title_Master,cat__Title_Miss,cat__Title_Mr,cat__Title_Mrs,cat__Title_Rare,Survived
-1.5892019141065694,-0.7962023810782808,0.5629565912326407,-0.44866450431162286,0.5862559509645633,0.11068539389042806,-1.2849372863246027,0.1627142033259301,0.0,1.0,0.0,0.0,1.0,0.0,0.0,0.0,1.0,0.0,0.0,0.0,0.0,0.0,0.0,0.0,1.0,0.0,0.0,0
0.8197343206583761,-0.2712922409885467,-0.47468233284409056,-0.44866450431162286,-0.5464604612698345,-0.558800046825462,0.7782480986759835,-0.3173960643863535,0.0,1.0,0.0,0.0,1.0,0.0,0.0,0.0,0.0,0.0,0.0,0.0,0.0,1.0,0.0,0.0,1.0,0.0,0.0,0
0.8197343206583761,-0.5712408924683948,-0.47468233284409056,-0.44866450431162286,-0.5507549776562859,-0.558800046825462,0.7782480986759835,-0.32182864999312416,1.0,0.0,0.0,1.0,0.0,0.0,0.0,0.0,0.0,0.0,0.0,0.0,0.0,1.0,0.0,1.0,0.0,0.0,0.0,1
-1.5892019141065694,0.9285023649308456,-0.47468233284409056,-0.44866450431162286,-0.7488659466968468,-0.558800046825462,0.7782480986759835,-0.5263089106071039,0.0,1.0,0.0,0.0,1.0,0.0,0.0,0.0,0.0,0.0,0.0,0.0,0.0,1.0,0.0,0.0,1.0,0.0,0.0,0
0.8197343206583761,-0.12131791524862266,0.5629565912326407,-0.44866450431162286,-0.35034086048341273,0.11068539389042806,-1.2849372863246027,-0.32064005268170676,0.0,1.0,0.0,0.0,1.0,0.0,0.0,0.0,0.0,0.0,0.0,0.0,0.0,1.0,0.0,0.0,1.0,0.0,0.0,0
-0.3847337967240967,-1.771035498387787,-0.47468233284409056,0.740773734778339,0.08087082586109164,0.11068539389042806,-1.2849372863246027,-0.09810245562047262,1.0,0.0,0.0,0.0,1.0,0.0,0.0,0.0,0.0,0.0,0.0,0.0,0.0,1.0,0.0,1.0,0.0,0.0,0.0,1
-1.5892019141065694,0.7785280391909215,-0.47468233284409056,-0.44866450431162286,0.030583748736368096,-0.558800046825462,0.7782480986759835,0.2782001866405064,0.0,1.0,1.0,0.0,0.0,1.0,0.0,0.0,0.0,0.0,0.0,0.0,0.0,0.0,0.0,0.0,1.0,0.0,0.0,1
-0.3847337967240967,1.6783739936304658,-0.47468233284409056,-0.44866450431162286,-0.40942817610496285,-0.558800046825462,0.7782480986759835,-0.17595817470895103,0.0,1.0,0.0,0.0,1.0,0.0,0.0,0.0,0.0,0.0,0.0,0.0,0.0,1.0,0.0,0.0,1.0,0.0,0.0,0
-1.5892019141065694,3.103130088159744,-0.47468233284409056,-0.44866450431162286,0.49584481500202265,-0.558800046825462,0.7782480986759835,0.7584194523595138,0.0,1.0,1.0,0.0,0.0,0.0,0.0,0.0,0.0,0.0,0.0,0.0,0.0,1.0,0.0,0.0,1.0,0.0,0.0,0
0.8197343206583761,-0.9461767068182049,-0.47468233284409056,-0.44866450431162286,-0.5310600439003879,-0.558800046825462,0.7782480986759835,-0.3015005217391225,0.0,1.0,0.0,0.0,1.0,0.0,0.0,0.0,0.0,0.0,0.0,0.0,0.0,1.0,0.0,0.0,1.0,0.0,0.0,0
0.8197343206583761,-0.5712408924683948,-0.47468233284409056,-0.44866450431162286,-0.5543178170705726,-0.558800046825462,0.7782480986759835,-0.32550603512473664,1.0,0.0,0.0,1.0,0.0,0.0,0.0,0.0,0.0,0.0,0.0,0.0,0.0,1.0,0.0,1.0,0.0,0.0,0.0,1
0.8197343206583761,-0.6462280553383568,0.5629565912326407,-0.44866450431162286,-0.5018306803216424,0.11068539389042806,-1.2849372863246027,-0.3988201705997205,1.0,0.0,0.0,0.0,1.0,0.0,0.0,0.0,0.0,0.0,0.0,0.0,0.0,1.0,0.0,1.0,0.0,0.0,0.0,0
-0.3847337967240967,-0.42126656672847074,-0.47468233284409056,-0.44866450431162286,-0.42199994538614377,-0.558800046825462,0.7782480986759835,-0.1889341278903641,1.0,0.0,0.0,0.0,1.0,0.0,0.0,0.0,0.0,0.0,1.0,0.0,0.0,0.0,0.0,1.0,0.0,0.0,0.0,1
0.8197343206583761,-0.7962023810782808,-0.47468233284409056,-0.44866450431162286,-0.5503375949161506,-0.558800046825462,0.7782480986759835,-0.32139784834750124,0.0,1.0,0.0,0.0,1.0,0.0,0.0,0.0,0.0,0.0,0.0,0.0,0.0,1.0,0.0,0.0,1.0,0.0,0.0,0
0.8197343206583761,-0.6462280553383568,-0.47468233284409056,-0.44866450431162286,-0.5368229429388812,-0.558800046825462,0.7782480986759835,-0.30744869867748226,0.0,1.0,0.0,0.0,1.0,0.0,0.0,0.0,0.0,0.0,0.0,0.0,0.0,1.0,0.0,0.0,1.0,0.0,0.0,0
0.8197343206583761,-0.6462280553383568,-0.47468233284409056,-0.44866450431162286,-0.5527463459104249,-0.558800046825462,0.7782480986759835,-0.32388404097706003,0.0,1.0,0.0,0.0,1.0,0.0,0.0,0.0,0.0,0.0,0.0,0.0,0.0,1.0,0.0,0.0,1.0,0.0,0.0,0
-1.5892019141065694,0.9285023649308456,-0.47468233284409056,-0.44866450431162286,0.005440210174006327,-0.558800046825462,0.7782480986759835,0.25224828027768026,0.0,1.0,0.0,0.0,1.0,0.0,0.0,0.0,1.0,0.0,0.0,0.0,0.0,0.0,0.0,0.0,1.0,0.0,0.0,1
0.8197343206583761,-0.8711895439482429,-0.47468233284409056,-0.44866450431162286,-0.5603950103410954,-0.558800046825462,0.7782480986759835,-0.3317786108926318,1.0,0.0,0.0,0.0,1.0,0.0,0.0,0.0,0.0,0.0,0.0,0.0,0.0,1.0,0.0,1.0,0.0,0.0,0.0,1
0.8197343206583761,3.32809157676963,-0.47468233284409056,-0.44866450431162286,-0.553374934374484,-0.558800046825462,0.7782480986759835,-0.3245328386361307,0.0,1.0,0.0,0.0,1.0,0.0,0.0,0.0,0.0,0.0,0.0,0.0,0.0,1.0,0.0,0.0,1.0,0.0,0.0,0
-0.3847337967240967,0.1786307362312254,0.5629565912326407,-0.44866450431162286,-0.09513394407544075,0.11068539389042806,-1.2849372863246027,-0.1889341278903641,0.0,1.0,0.0,0.0,1.0,0.0,0.0,0.0,0.0,0.0,0.0,0.0,0.0,1.0,0.0,0.0,1.0,0.0,0.0,1
0.8197343206583761,-0.5712408924683948,-0.47468233284409056,-0.44866450431162286,-0.5464604612698345,-0.558800046825462,0.7782480986759835,-0.3173960643863535,0.0,1.0,0.0,0.0,1.0,0.0,0.0,0.0,0.0,0.0,0.0,0.0,0.0,1.0,0.0,0.0,1.0,0.0,0.0,0
-1.5892019141065694,-0.5712408924683948,-0.47468233284409056,0.740773734778339,0.6340286742330505,0.11068539389042806,-1.2849372863246027,0.1873685143706149,1.0,0.0,0.0,0.0,1.0,0.0,0.0,0.0,0.0,1.0,0.0,0.0,0.0,0.0,0.0,1.0,0.0,0.0,0.0,1
-0.3847337967240967,-0.12131791524862266,0.5629565912326407,-0.44866450431162286,-0.09513394407544075,0.11068539389042806,-1.2849372863246027,-0.1889341278903641,1.0,0.0,0.0,0.0,1.0,0.0,0.0,0.0,0.0,0.0,0.0,0.0,0.0,1.0,0.0,0.0,0.0,1.0,0.0,1
-1.5892019141065694,0.9285023649308456,-0.47468233284409056,-0.44866450431162286,-0.0518669429173286,-0.558800046825462,0.7782480986759835,0.19309869529552692,0.0,1.0,1.0,0.0,0.0,0.0,0.0,0.0,0.0,0.0,0.0,0.0,0.0,1.0,0.0,0.0,1.0,0.0,0.0,0
0.8197343206583761,-0.2712922409885467,-0.47468233284409056,-0.44866450431162286,-0.5503375949161506,-0.558800046825462,0.7782480986759835,-0.32139784834750124,0.0,1.0,0.0,0.0,1.0,0.0,0.0,0.0,0.0,0.0,0.0,0.0,0.0,1.0,0.0,0.0,1.0,0.0,0.0,0
0.8197343206583761,-0.7962023810782808,-0.47468233284409056,-0.44866450431162286,-0.5464604612698345,-0.558800046825462,0.7782480986759835,-0.3173960643863535,0.0,1.0,0.0,0.0,1.0,0.0,0.0,0.0,0.0,0.0,0.0,0.0,0.0,1.0,0.0,0.0,1.0,0.0,0.0,1
-0.3847337967240967,-0.04633075237866064,-0.47468233284409056,-0.44866450431162286,-0.43834324545167885,-0.558800046825462,0.7782480986759835,-0.2058028670262011,1.0,0.0,0.0,1.0,0.0,0.0,0.0,0.0,0.0,1.0,0.0,0.0,0.0,0.0,0.0,1.0,0.0,0.0,0.0,1
0.8197343206583761,0.1786307362312254,-0.47468233284409056,-0.44866450431162286,-0.5464604612698345,-0.558800046825462,0.7782480986759835,-0.3173960643863535,0.0,1.0,0.0,0.0,1.0,0.0,0.0,0.0,0.0,1.0,0.0,0.0,0.0,0.0,0.0,0.0,1.0,0.0,0.0,1
0.8197343206583761,-1.0211638696881669,-0.47468233284409056,-0.44866450431162286,-0.5464604612698345,-0.558800046825462,0.7782480986759835,-0.3173960643863535,0.0,1.0,0.0,0.0,1.0,0.0,0.0,0.0,0.0,0.0,0.0,0.0,0.0,1.0,0.0,0.0,1.0,0.0,0.0,0
0.8197343206583761,-1.1711381954280908,3.675873363462835,0.740773734778339,0.24901823999688597,2.7886271567539884,-1.2849372863246027,-0.35464786331132686,0.0,1.0,0.0,0.0,1.0,0.0,0.0,0.0,0.0,0.0,0.0,0.0,0.0,1.0,0.0,0.0,1.0,0.0,0.0,0
0.8197343206583761,-1.0211638696881669,0.5629565912326407,3.119650212958262,0.11544319138433906,2.1191417160380985,-1.2849372863246027,-0.3478895543626742,0.0,1.0,0.0,0.0,1.0,0.0,0.0,0.0,0.0,0.0,0.0,0.0,0.0,1.0,0.0,0.0,1.0,0.0,0.0,0
0.8197343206583761,-0.2712922409885467,0.5629565912326407,-0.44866450431162286,-0.551383566120345,0.11068539389042806,-1.2849372863246027,-0.4243931791296494,0.0,1.0,0.0,0.0,1.0,0.0,0.0,0.0,0.0,0.0,0.0,0.0,0.0,1.0,0.0,0.0,1.0,0.0,0.0,0
-1.5892019141065694,1.3034381792806558,0.5629565912326407,0.740773734778339,0.5725326076172261,0.7801708346063182,-1.2849372863246027,-0.07168168481602477,1.0,0.0,0.0,0.0,1.0,0.0,0.0,0.0,1.0,0.0,0.0,0.0,0.0,0.0,0.0,0.0,0.0,1.0,0.0,1
-0.3847337967240967,1.1534638535407316,0.5629565912326407,0.740773734778339,-0.0888480594348503,0.7801708346063182,-1.2849372863246027,-0.2992297299323752,1.0,0.0,0.0,0.0,1.0,0.0,0.0,0.0,0.0,0.0,0.0,0.0,0.0,1.0,0.0,0.0,0.0,1.0,0.0,1
0.8197343206583761,0.6285537134509975,-0.47468233284409056,-0.44866450431162286,-0.5310600439003879,-0.558800046825462,0.7782480986759835,-0.3015005217391225,0.0,1.0,0.0,0.0,1.0,0.0,0.0,0.0,0.0,0.0,0.0,0.0,0.0,1.0,0.0,0.0,1.0,0.0,0.0,0
0.8197343206583761,0.8535152020608836,-0.47468233284409056,5.498526691138187,0.24901823999688597,2.7886271567539884,-1.2849372863246027,-0.35464786331132686,1.0,0.0,0.0,0.0,1.0,0.0,0.0,0.0,0.0,0.0,0.0,0.0,0.0,1.0,0.0,0.0,0.0,1.0,0.0,0
-1.5892019141065694,-0.5712408924683948,-0.47468233284409056,-0.44866450431162286,2.6614351621935355,-0.558800046825462,0.7782480986759835,2.9936337906740023,0.0,1.0,1.0,0.0,0.0,0.0,0.0,0.0,0.0,0.0,0.0,0.0,0.0,1.0,0.0,0.0,1.0,0.0,0.0,0
-0.3847337967240967,-0.7962023810782808,-0.47468233284409056,-0.44866450431162286,-0.42199994538614377,-0.558800046825462,0.7782480986759835,-0.1889341278903641,0.0,1.0,0.0,0.0,1.0,0.0,0.0,0.0,0.0,0.0,0.0,0.0,0.0,1.0,0.0,0.0,1.0,0.0,0.0,0
0.8197343206583761,-0.9461767068182049,-0.47468233284409056,-0.44866450431162286,-0.3853331231006516,-0.558800046825462,0.7782480986759835,-0.15108846284145477,1.0,0.0,1.0,0.0,0.0,0.0,0.0,0.0,0.0,0.0,0.0,0.0,0.0,1.0,0.0,1.0,0.0,0.0,0.0,0
-1.5892019141065694,0.028656410491301375,-0.47468233284409056,-0.44866450431162286,1.4260501389474463,-0.558800046825462,0.7782480986759835,1.718530989777357,1.0,0.0,0.0,0.0,1.0,0.0,1.0,0.0,0.0,0.0,0.0,0.0,0.0,0.0,0.0,1.0,0.0,0.0,0.0,1
0.8197343206583761,0.06614999192628239,-0.47468233284409056,-0.44866450431162286,-0.554003522838543,-0.558800046825462,0.7782480986759835,-0.32518163629520136,1.0,0.0,0.0,1.0,0.0,0.0,0.0,0.0,0.0,0.0,0.0,0.0,0.0,1.0,0.0,1.0,0.0,0.0,0.0,0
-1.5892019141065694,0.9285023649308456,-0.47468233284409056,-0.44866450431162286,4.827447920832896,-0.558800046825462,0.7782480986759835,5.229284121015387,0.0,1.0,0.0,0.0,1.0,0.0,0.0,1.0,0.0,0.0,0.0,0.0,0.0,0.0,0.0,0.0,1.0,0.0,0.0,0
0.8197343206583761,-2.145971312737597,3.675873363462835,0.740773734778339,0.24901823999688597,2.7886271567539884,-1.2849372863246027,-0.35464786331132686,0.0,1.0,0.0,0.0,1.0,0.0,0.0,0.0,0.0,0.0,0.0,0.0,0.0,1.0,1.0,0.0,0.0,0.0,0.0,0
0.8197343206583761,0.7035408763209595,0.5629565912326407,5.498526691138187,0.037498221841017546,3.4581125974698788,-1.2849372863246027,-0.41035950039319147,1.0,0.0,0.0,0.0,1.0,0.0,0.0,0.0,0.0,0.0,0.0,0.0,0.0,1.0,0.0,0.0,0.0,1.0,0.0,0
-0.3847337967240967,0.40359222484111146,-0.47468233284409056,-0.44866450431162286,-0.48485879179204816,-0.558800046825462,0.7782480986759835,-0.25381389379742947,0.0,1.0,0.0,0.0,1.0,0.0,0.0,0.0,0.0,0.0,0.0,0.0,0.0,1.0,0.0,0.0,1.0,0.0,0.0,0
0.8197343206583761,-0.8711895439482429,-0.47468233284409056,-0.44866450431162286,-0.5791470614009048,-0.558800046825462,0.7782480986759835,-0.3511335426580275,1.0,0.0,0.0,1.0,0.0,0.0,0.0,0.0,0.0,0.0,0.0,0.0,0.0,1.0,0.0,1.0,0.0,0.0,0.0,0
-1.5892019141065694,0.40359222484111146,0.5629565912326407,-0.44866450431162286,1.3499909347963017,0.11068539389042806,-1.2849372863246027,0.556858781211352,1.0,0.0,0.0,0.0,1.0,0.0,0.0,1.0,0.0,0.0,0.0,0.0,0.0,0.0,0.0,0.0,0.0,1.0,0.0,1
-1.5892019141065694,0.40359222484111146,0.5629565912326407,-0.44866450431162286,0.5862559509645633,0.11068539389042806,-1.2849372863246027,0.1627142033259301,1.0,0.0,0.0,0.0,1.0,0.0,0.0,1.0,0.0,0.0,0.0,0.0,0.0,0.0,0.0,0.0,0.0,1.0,0.0,1
-0.3847337967240967,-1.696048335517825,-0.47468233284409056,1.9302119738683008,-0.0888480594348503,0.7801708346063182,-1.2849372863246027,-0.2992297299323752,1.0,0.0,0.0,0.0,1.0,0.0,0.0,0.0,0.0,0.0,0.0,0.0,0.0,1.0,0.0,1.0,0.0,0.0,0.0,1
-1.5892019141065694,2.278271296590162,-0.47468233284409056,-0.44866450431162286,-0.08130499786614176,-0.558800046825462,0.7782480986759835,0.1627142033259301,0.0,1.0,0.0,0.0,1.0,0.0,0.0,0.0,0.0,0.0,0.0,0.0,0.0,1.0,0.0,0.0,0.0,0.0,1.0,0
0.8197343206583761,-0.5712408924683948,-0.47468233284409056,-0.44866450431162286,-0.5507549776562859,-0.558800046825462,0.7782480986759835,-0.32182864999312416,1.0,0.0,0.0,1.0,0.0,0.0,0.0,0.0,0.0,0.0,0.0,0.0,0.0,1.0,0.0,1.0,0.0,0.0,0.0,1
-0.3847337967240967,0.028656410491301375,-0.47468233284409056,-0.44866450431162286,-0.3704556913333021,-0.558800046825462,0.7782480986759835,-0.1357327198465705,0.0,1.0,1.0,0.0,0.0,0.0,0.0,0.0,0.0,0.0,0.0,0.0,0.0,1.0,0.0,0.0,1.0,0.0,0.0,0
0.8197343206583761,1.6033868307605037,-0.47468233284409056,-0.44866450431162286,-0.554003522838543,-0.558800046825462,0.7782480986759835,-0.32518163629520136,0.0,1.0,0.0,0.0,1.0,0.0,0.0,0.0,0.0,0.0,0.0,0.0,0.0,1.0,0.0,0.0,1.0,0.0,0.0,0
-1.5892019141065694,-0.42126656672847074,-0.47468233284409056,0.740773734778339,4.971917664704515,0.11068539389042806,-1.2849372863246027,2.685509401618804,0.0,1.0,1.0,0.0,0.0,0.0,1.0,0.0,0.0,0.0,0.0,0.0,0.0,0.0,0.0,0.0,1.0,0.0,0.0,0
0.8197343206583761,-0.2712922409885467,-0.47468233284409056,-0.44866450431162286,-0.5672038805837829,-0.558800046825462,0.7782480986759835,-0.33880638713568506,0.0,1.0,1.0,0.0,0.0,0.0,0.0,0.0,0.0,0.0,0.0,0.0,0.0,1.0,0.0,0.0,1.0,0.0,0.0,0
0.8197343206583761,-0.4962537295984327,-0.47468233284409056,-0.44866450431162286,-0.5503375949161506,-0.558800046825462,0.7782480986759835,-0.32139784834750124,0.0,1.0,0.0,0.0,1.0,0.0,0.0,0.0,0.0,0.0,0.0,0.0,0.0,1.0,0.0,0.0,1.0,0.0,0.0,0
0.8197343206583761,-0.2712922409885467,-0.47468233284409056,-0.44866450431162286,-0.5464604612698345,-0.558800046825462,0.7782480986759835,-0.3173960643863535,0.0,1.0,0.0,0.0,1.0,0.0,0.0,0.0,0.0,0.0,0.0,0.0,0.0,1.0,0.0,0.0,1.0,0.0,0.0,0
-1.5892019141065694,0.7035408763209595,0.5629565912326407,0.740773734778339,2.0391325827750824,0.7801708346063182,-1.2849372863246027,0.4329020956599493,1.0,0.0,1.0,0.0,0.0,0.0,0.0,1.0,0.0,0.0,0.0,0.0,0.0,0.0,0.0,0.0,0.0,1.0,0.0,1
-0.3847337967240967,-2.158719130425491,-0.47468233284409056,1.9302119738683008,-0.01970332838835544,0.7801708346063182,-1.2849372863246027,-0.2754404824331179,0.0,1.0,0.0,0.0,1.0,0.0,0.0,0.0,0.0,0.0,0.0,0.0,0.0,1.0,1.0,0.0,0.0,0.0,0.0,1
-1.5892019141065694,0.1786307362312254,-0.47468233284409056,-0.44866450431162286,0.01801197945518721,-0.558800046825462,0.7782480986759835,0.2652242334590933,0.0,1.0,1.0,0.0,0.0,0.0,1.0,0.0,0.0,0.0,0.0,0.0,0.0,0.0,0.0,0.0,0.0,0.0,1.0,1
0.8197343206583761,-0.42126656672847074,-0.47468233284409056,-0.44866450431162286,-0.5503375949161506,-0.558800046825462,0.7782480986759835,-0.32139784834750124,0.0,1.0,0.0,0.0,1.0,0.0,0.0,0.0,0.0,0.0,0.0,0.0,0.0,1.0,0.0,0.0,1.0,0.0,0.0,0
0.8197343206583761,-0.2712922409885467,7.82642905976976,1.9302119738683008,0.9998671603154142,6.136054360333439,-1.2849372863246027,-0.3622220844675986,0.0,1.0,0.0,0.0,1.0,0.0,0.0,0.0,0.0,0.0,0.0,0.0,0.0,1.0,1.0,0.0,0.0,0.0,0.0,0
-1.5892019141065694,-0.42126656672847074,-0.47468233284409056,-0.44866450431162286,1.3420279761336018,-0.558800046825462,0.7782480986759835,1.631807504284701,1.0,0.0,1.0,0.0,0.0,0.0,0.0,1.0,0.0,0.0,0.0,0.0,0.0,0.0,0.0,1.0,0.0,0.0,0.0,1
0.8197343206583761,-0.7212152182083188,-0.47468233284409056,-0.44866450431162286,-0.5670982777218211,-0.558800046825462,0.7782480986759835,-0.33869738912896125,0.0,1.0,1.0,0.0,0.0,0.0,0.0,0.0,0.0,0.0,0.0,0.0,0.0,1.0,0.0,0.0,1.0,0.0,0.0,1
-1.5892019141065694,3.103130088159744,-0.47468233284409056,-0.44866450431162286,0.12246326735095055,-0.558800046825462,0.7782480986759835,0.3730336428715457,0.0,1.0,1.0,0.0,0.0,1.0,0.0,0.0,0.0,0.0,0.0,0.0,0.0,0.0,0.0,0.0,1.0,0.0,0.0,0
0.8197343206583761,-0.42126656672847074,-0.47468233284409056,-0.44866450431162286,-0.5100023303544099,-0.558800046825462,0.7782480986759835,-0.2797658001602556,0.0,1.0,0.0,0.0,1.0,0.0,0.0,0.0,0.0,0.0,0.0,0.0,0.0,1.0,0.0,0.0,1.0,0.0,0.0,0
-0.3847337967240967,-1.0211638696881669,-0.47468233284409056,-0.44866450431162286,-0.09513394407544075,-0.558800046825462,0.7782480986759835,0.1484406548263757,0.0,1.0,0.0,0.0,1.0,0.0,0.0,0.0,0.0,0.0,0.0,0.0,0.0,1.0,0.0,0.0,1.0,0.0,0.0,0
-1.5892019141065694,-0.9461767068182049,-0.47468233284409056,1.9302119738683008,2.0391325827750824,0.7801708346063182,-1.2849372863246027,0.4329020956599493,0.0,1.0,1.0,0.0,0.0,0.0,0.0,1.0,0.0,0.0,0.0,0.0,0.0,0.0,0.0,0.0,1.0,0.0,0.0,1
0.8197343206583761,-0.9461767068182049,0.5629565912326407,-0.44866450431162286,-0.5714983969702343,0.11068539389042806,-1.2849372863246027,-0.43477394167477984,0.0,1.0,0.0,0.0,1.0,0.0,0.0,0.0,0.0,0.0,0.0,0.0,0.0,1.0,0.0,0.0,1.0,0.0,0.0,0
-1.5892019141065694,1.1534638535407316,0.5629565912326407,0.740773734778339,3.3964662824024825,0.7801708346063182,-1.2849372863246027,0.899892809642279,1.0,0.0,0.0,0.0,1.0,0.0,0.0,0.0,0.0,0.0,0.0,0.0,0.0,1.0,0.0,0.0,0.0,1.0,0.0,1
0.8197343206583761,-0.7212152182083188,0.5629565912326407,-0.44866450431162286,-0.5018306803216424,0.11068539389042806,-1.2849372863246027,-0.3988201705997205,1.0,0.0,0.0,0.0,1.0,0.0,0.0,0.0,0.0,0.0,0.0,0.0,0.0,1.0,0.0,1.0,0.0,0.0,0.0,0
0.8197343206583761,1.0034895278008076,-0.47468233284409056,-0.44866450431162286,-0.5866901229696133,-0.558800046825462,0.7782480986759835,-0.3589191145668753,0.0,1.0,0.0,0.0,1.0,0.0,0.0,0.0,0.0,0.0,0.0,0.0,0.0,1.0,0.0,0.0,1.0,0.0,0.0,0
0.8197343206583761,-1.995996986997673,0.5629565912326407,0.740773734778339,-0.3490836835552946,0.7801708346063182,-1.2849372863246027,-0.3887638068841254,0.0,1.0,0.0,0.0,1.0,0.0,0.0,0.0,0.0,0.0,0.0,0.0,0.0,1.0,1.0,0.0,0.0,0.0,0.0,1
-0.3847337967240967,-0.7962023810782808,-0.47468233284409056,-0.44866450431162286,-0.48485879179204816,-0.558800046825462,0.7782480986759835,-0.25381389379742947,0.0,1.0,0.0,0.0,1.0,0.0,0.0,0.0,0.0,0.0,0.0,0.0,0.0,1.0,0.0,0.0,1.0,0.0,0.0,0
-1.5892019141065694,0.4785793877110735,-0.47468233284409056,-0.44866450431162286,0.26001853811791925,-0.558800046825462,0.7782480986759835,0.5150113322012949,0.0,1.0,1.0,0.0,0.0,1.0,0.0,0.0,0.0,0.0,0.0,0.0,0.0,0.0,0.0,0.0,1.0,0.0,0.0,0
0.8197343206583761,0.1036435733612634,0.5629565912326407,-0.44866450431162286,-0.2962822525743349,0.11068539389042806,-1.2849372863246027,-0.2927417533416687,1.0,0.0,0.0,0.0,1.0,0.0,0.0,0.0,0.0,0.0,0.0,0.0,0.0,1.0,0.0,0.0,0.0,1.0,0.0,0
-0.3847337967240967,2.053309807980276,-0.47468233284409056,-0.44866450431162286,-0.43834324545167885,-0.558800046825462,0.7782480986759835,-0.2058028670262011,0.0,1.0,0.0,1.0,0.0,0.0,0.0,0.0,0.0,0.0,0.0,0.0,0.0,1.0,0.0,0.0,0.0,0.0,1.0,0
0.8197343206583761,0.028656410491301375,-0.47468233284409056,-0.44866450431162286,-0.5100023303544099,-0.558800046825462,0.7782480986759835,-0.2797658001602556,0.0,1.0,0.0,0.0,1.0,0.0,0.0,0.0,0.0,0.0,0.0,0.0,0.0,1.0,0.0,0.0,1.0,0.0,0.0,1
0.8197343206583761,-0.7962023810782808,-0.47468233284409056,-0.44866450431162286,-0.3842846375426011,-0.558800046825462,0.7782480986759835,-0.1500062683461249,0.0,1.0,0.0,0.0,1.0,0.0,0.0,0.0,0.0,0.0,0.0,0.0,0.0,1.0,0.0,0.0,1.0,0.0,0.0,0
-0.3847337967240967,-1.846022661257749,0.5629565912326407,1.9302119738683008,-0.05113275159130765,1.4496562753222082,-1.2849372863246027,-0.34626756021499755,1.0,0.0,0.0,0.0,1.0,0.0,0.0,0.0,0.0,0.0,0.0,0.0,0.0,1.0,0.0,1.0,0.0,0.0,0.0,1
-1.5892019141065694,1.5283996678905418,0.5629565912326407,-0.44866450431162286,0.6566578589391762,0.11068539389042806,-1.2849372863246027,0.19904687223388665,0.0,1.0,0.0,0.0,1.0,0.0,0.0,0.0,0.0,1.0,0.0,0.0,0.0,0.0,0.0,0.0,1.0,0.0,0.0,0
-1.5892019141065694,-0.5712408924683948,-0.47468233284409056,-0.44866450431162286,3.0616373224290796,-0.558800046825462,0.7782480986759835,3.4067024986791976,1.0,0.0,0.0,0.0,1.0,0.0,0.0,0.0,0.0,0.0,0.0,0.0,0.0,1.0,0.0,1.0,0.0,0.0,0.0,1
-1.5892019141065694,0.40359222484111146,0.5629565912326407,-0.44866450431162286,0.5585980585459652,0.11068539389042806,-1.2849372863246027,0.1484406548263757,1.0,0.0,0.0,0.0,1.0,0.0,0.0,0.0,0.0,0.0,0.0,0.0,0.0,1.0,0.0,0.0,0.0,1.0,0.0,1
-0.3847337967240967,0.9285023649308456,0.5629565912326407,-0.44866450431162286,-0.09513394407544075,0.11068539389042806,-1.2849372863246027,-0.1889341278903641,1.0,0.0,0.0,0.0,1.0,0.0,0.0,0.0,0.0,0.0,0.0,0.0,0.0,1.0,0.0,0.0,0.0,1.0,0.0,1
-0.3847337967240967,0.32860506197114947,-0.47468233284409056,-0.44866450431162286,-0.42199994538614377,-0.558800046825462,0.7782480986759835,-0.1889341278903641,0.0,1.0,0.0,0.0,1.0,0.0,0.0,0.0,1.0,0.0,0.0,0.0,0.0,0.0,0.0,0.0,1.0,0.0,0.0,1
0.8197343206583761,0.1786307362312254,-0.47468233284409056,-0.44866450431162286,-0.5386031054690964,-0.558800046825462,0.7782480986759835,-0.30928609364797033,0.0,1.0,0.0,0.0,1.0,0.0,0.0,0.0,0.0,0.0,0.0,0.0,0.0,1.0,0.0,0.0,1.0,0.0,0.0,0
-0.3847337967240967,1.3034381792806558,-0.47468233284409056,-0.44866450431162286,-0.3717128682614202,-0.558800046825462,0.7782480986759835,-0.13703031516471184,0.0,1.0,0.0,0.0,1.0,0.0,0.0,0.0,0.0,0.0,0.0,0.0,0.0,1.0,0.0,0.0,1.0,0.0,0.0,0
0.8197343206583761,-0.5712408924683948,-0.47468233284409056,1.9302119738683008,-0.18669916845799361,0.7801708346063182,-1.2849372863246027,-0.33289540792977873,1.0,0.0,1.0,0.0,0.0,0.0,0.0,0.0,0.0,0.0,0.0,0.0,0.0,1.0,0.0,0.0,0.0,1.0,0.0,1
0.8197343206583761,-0.2712922409885467,0.5629565912326407,1.9302119738683008,-0.1592499674094633,1.4496562753222082,-1.2849372863246027,-0.3741658595550357,0.0,1.0,0.0,0.0,1.0,0.0,0.0,0.0,0.0,0.0,0.0,0.0,0.0,1.0,0.0,0.0,1.0,0.0,0.0,0
0.8197343206583761,-0.5712408924683948,-0.47468233284409056,-0.44866450431162286,-0.5590322305510154,-0.558800046825462,0.7782480986759835,-0.3303720175677665,1.0,0.0,0.0,0.0,1.0,0.0,0.0,0.0,0.0,0.0,0.0,0.0,0.0,1.0,0.0,1.0,0.0,0.0,0.0,0
0.8197343206583761,-0.2712922409885467,-0.47468233284409056,-0.44866450431162286,-0.5503375949161506,-0.558800046825462,0.7782480986759835,-0.32139784834750124,0.0,1.0,0.0,0.0,1.0,0.0,0.0,0.0,0.0,0.0,0.0,0.0,0.0,1.0,0.0,0.0,1.0,0.0,0.0,0
0.8197343206583761,-0.5712408924683948,-0.47468233284409056,-0.44866450431162286,-0.554003522838543,-0.558800046825462,0.7782480986759835,-0.32518163629520136,1.0,0.0,0.0,1.0,0.0,0.0,0.0,0.0,0.0,0.0,0.0,0.0,0.0,1.0,0.0,1.0,0.0,0.0,0.0,0
0.8197343206583761,-0.2712922409885467,-0.47468233284409056,-0.44866450431162286,-0.14164949041581007,-0.558800046825462,0.7782480986759835,0.1004296280551473,0.0,1.0,0.0,1.0,0.0,0.0,0.0,0.0,0.0,0.0,0.0,0.0,0.0,1.0,0.0,0.0,1.0,0.0,0.0,0
0.8197343206583761,-1.696048335517825,3.675873363462835,0.740773734778339,0.24901823999688597,2.7886271567539884,-1.2849372863246027,-0.35464786331132686,0.0,1.0,0.0,0.0,1.0,0.0,0.0,0.0,0.0,0.0,0.0,0.0,0.0,1.0,1.0,0.0,0.0,0.0,0.0,0
0.8197343206583761,-0.2712922409885467,0.5629565912326407,1.9302119738683008,-0.23153764077625336,1.4496562753222082,-1.2849372863246027,-0.39281879225331695,0.0,1.0,0.0,0.0,1.0,0.0,0.0,0.0,0.0,0.0,0.0,0.0,0.0,1.0,0.0,0.0,1.0,0.0,0.0,0
-0.3847337967240967,2.2032841337202,-0.47468233284409056,-0.44866450431162286,-0.40942817610496285,-0.558800046825462,0.7782480986759835,-0.17595817470895103,0.0,1.0,0.0,0.0,1.0,0.0,0.0,0.0,0.0,0.0,0.0,0.0,0.0,1.0,0.0,0.0,1.0,0.0,0.0,0
-1.5892019141065694,-0.1963050781185847,0.5629565912326407,-0.44866450431162286,0.5862559509645633,0.11068539389042806,-1.2849372863246027,0.1627142033259301,0.0,1.0,0.0,0.0,1.0,0.0,0.0,0.0,0.0,1.0,0.0,0.0,0.0,0.0,0.0,0.0,1.0,0.0,0.0,1
0.8197343206583761,-0.2712922409885467,-0.47468233284409056,-0.44866450431162286,-0.5496034035901297,-0.558800046825462,0.7782480986759835,-0.32064005268170676,1.0,0.0,0.0,0.0,1.0,0.0,0.0,0.0,0.0,0.0,0.0,0.0,0.0,1.0,0.0,1.0,0.0,0.0,0.0,1
0.8197343206583761,-0.2712922409885467,-0.47468233284409056,-0.44866450431162286,-0.554632111302602,-0.558800046825462,0.7782480986759835,-0.325830433954272,0.0,1.0,0.0,1.0,0.0,0.0,0.0,0.0,0.0,0.0,0.0,0.0,0.0,1.0,0.0,0.0,1.0,0.0,0.0,0
-0.3847337967240967,-2.158719130425491,0.5629565912326407,0.740773734778339,-0.2774245986525636,0.7801708346063182,-1.2849372863246027,-0.3641094958394405,0.0,1.0,0.0,0.0,1.0,0.0,0.0,0.0,0.0,0.0,0.0,0.0,0.0,1.0,1.0,0.0,0.0,0.0,0.0,1
0.8197343206583761,-0.2712922409885467,-0.47468233284409056,-0.44866450431162286,-0.553374934374484,-0.558800046825462,0.7782480986759835,-0.3245328386361307,0.0,1.0,0.0,0.0,1.0,0.0,0.0,0.0,0.0,0.0,0.0,0.0,0.0,1.0,0.0,0.0,1.0,0.0,0.0,0
-0.3847337967240967,0.7035408763209595,-0.47468233284409056,-0.44866450431162286,-0.09513394407544075,-0.558800046825462,0.7782480986759835,0.1484406548263757,0.0,1.0,0.0,0.0,1.0,0.0,0.0,0.0,0.0,0.0,0.0,0.0,0.0,1.0,0.0,0.0,1.0,0.0,0.0,0
0.8197343206583761,-0.2712922409885467,-0.47468233284409056,-0.44866450431162286,-0.551383566120345,-0.558800046825462,0.7782480986759835,-0.3224774476521949,1.0,0.0,0.0,0.0,1.0,0.0,0.0,0.0,0.0,0.0,0.0,0.0,0.0,1.0,0.0,1.0,0.0,0.0,0.0,1
-1.5892019141065694,-0.42126656672847074,-0.47468233284409056,-0.44866450431162286,0.9935812756748238,-0.558800046825462,0.7782480986759835,1.2721582003367475,1.0,0.0,1.0,0.0,0.0,0.0,1.0,0.0,0.0,0.0,0.0,0.0,0.0,0.0,0.0,1.0,0.0,0.0,0.0,1
0.8197343206583761,-0.4962537295984327,-0.47468233284409056,-0.44866450431162286,-0.5496034035901297,-0.558800046825462,0.7782480986759835,-0.32064005268170676,1.0,0.0,0.0,0.0,1.0,0.0,0.0,0.0,0.0,0.0,0.0,0.0,0.0,1.0,0.0,1.0,0.0,0.0,0.0,0
0.8197343206583761,-1.471086846907939,2.6382344393861037,1.9302119738683008,-0.04736122080695342,2.7886271567539884,-1.2849372863246027,-0.4056325460199624,0.0,1.0,0.0,0.0,1.0,0.0,0.0,0.0,0.0,0.0,0.0,0.0,0.0,1.0,1.0,0.0,0.0,0.0,0.0,0
0.8197343206583761,-0.9461767068182049,-0.47468233284409056,-0.44866450431162286,-0.5310600439003879,-0.558800046825462,0.7782480986759835,-0.3015005217391225,0.0,1.0,0.0,0.0,1.0,0.0,0.0,0.0,0.0,0.0,0.0,0.0,0.0,1.0,0.0,0.0,1.0,0.0,0.0,0
0.8197343206583761,-2.145971312737597,0.5629565912326407,0.740773734778339,-0.4689353888205045,0.7801708346063182,-1.2849372863246027,-0.4299987909040199,1.0,0.0,0.0,0.0,1.0,0.0,0.0,0.0,0.0,0.0,0.0,0.0,0.0,1.0,0.0,1.0,0.0,0.0,0.0,1
0.8197343206583761,1.3034381792806558,-0.47468233284409056,-0.44866450431162286,-0.5225740996355909,-0.558800046825462,0.7782480986759835,-0.2927417533416687,0.0,1.0,0.0,0.0,1.0,0.0,0.0,0.0,0.0,0.0,0.0,0.0,0.0,1.0,0.0,0.0,1.0,0.0,0.0,0
0.8197343206583761,-0.3462794038585087,-0.47468233284409056,-0.44866450431162286,-0.5503375949161506,-0.558800046825462,0.7782480986759835,-0.32139784834750124,0.0,1.0,0.0,0.0,1.0,0.0,0.0,0.0,0.0,0.0,0.0,0.0,0.0,1.0,0.0,0.0,1.0,0.0,0.0,0
-0.3847337967240967,0.028656410491301375,-0.47468233284409056,-0.44866450431162286,-0.7488659466968468,-0.558800046825462,0.7782480986759835,-0.5263089106071039,0.0,1.0,0.0,0.0,1.0,0.0,0.0,0.0,0.0,0.0,0.0,0.0,0.0,1.0,0.0,0.0,1.0,0.0,0.0,0
0.8197343206583761,-0.4962537295984327,-0.47468233284409056,-0.44866450431162286,-0.551383566120345,-0.558800046825462,0.7782480986759835,-0.3224774476521949,0.0,1.0,0.0,0.0,1.0,0.0,0.0,0.0,0.0,0.0,0.0,0.0,0.0,1.0,0.0,0.0,1.0,0.0,0.0,0
0.8197343206583761,-0.2712922409885467,-0.47468233284409056,-0.44866450431162286,-0.5670982777218211,-0.558800046825462,0.7782480986759835,-0.33869738912896125,0.0,1.0,1.0,0.0,0.0,0.0,0.0,0.0,0.0,0.0,0.0,0.0,0.0,1.0,0.0,0.0,1.0,0.0,0.0,0
0.8197343206583761,0.2536178991011874,-0.47468233284409056,-0.44866450431162286,-0.553374934374484,-0.558800046825462,0.7782480986759835,-0.3245328386361307,0.0,1.0,0.0,0.0,1.0,0.0,0.0,0.0,0.0,0.0,0.0,0.0,0.0,1.0,0.0,0.0,1.0,0.0,0.0,0
0.8197343206583761,-0.04633075237866064,-0.47468233284409056,1.9302119738683008,-0.3655325864827917,0.7801708346063182,-1.2849372863246027,-0.39442305259831234,1.0,0.0,1.0,0.0,0.0,0.0,0.0,0.0,0.0,0.0,0.0,0.0,0.0,1.0,0.0,0.0,0.0,1.0,0.0,1
0.8197343206583761,0.028656410491301375,-0.47468233284409056,-0.44866450431162286,-0.5665752921197239,-0.558800046825462,0.7782480986759835,-0.3381575894766144,0.0,1.0,0.0,0.0,1.0,0.0,0.0,0.0,0.0,0.0,0.0,0.0,0.0,1.0,0.0,0.0,1.0,0.0,0.0,0
-0.3847337967240967,0.2161243176662064,0.5629565912326407,-0.44866450431162286,0.007220372704221501,0.11068539389042806,-1.2849372863246027,-0.1361116176794678,0.0,1.0,1.0,0.0,0.0,0.0,0.0,0.0,0.0,0.0,0.0,0.0,0.0,1.0,0.0,0.0,1.0,0.0,0.0,0
0.8197343206583761,0.2536178991011874,-0.47468233284409056,-0.44866450431162286,-0.5503375949161506,-0.558800046825462,0.7782480986759835,-0.32139784834750124,0.0,1.0,1.0,0.0,0.0,0.0,0.0,0.0,0.0,0.0,0.0,0.0,0.0,1.0,0.0,0.0,1.0,0.0,0.0,0
-0.3847337967240967,0.1036435733612634,0.5629565912326407,0.740773734778339,-0.0888480594348503,0.7801708346063182,-1.2849372863246027,-0.2992297299323752,1.0,0.0,0.0,0.0,1.0,0.0,0.0,0.0,0.0,0.0,0.0,0.0,0.0,1.0,0.0,0.0,0.0,1.0,0.0,1
0.8197343206583761,-0.5712408924683948,-0.47468233284409056,-0.44866450431162286,-0.5672038805837829,-0.558800046825462,0.7782480986759835,-0.33880638713568506,1.0,0.0,1.0,0.0,0.0,0.0,0.0,0.0,0.0,0.0,0.0,0.0,0.0,1.0,0.0,0.0,0.0,1.0,0.0,1
0.8197343206583761,-0.5712408924683948,0.5629565912326407,0.740773734778339,-0.18669916845799361,0.7801708346063182,-1.2849372863246027,-0.33289540792977873,1.0,0.0,1.0,0.0,0.0,0.0,0.0,0.0,0.0,0.0,1.0,0.0,0.0,0.0,0.0,1.0,0.0,0.0,0.0,1
-1.5892019141065694,1.5283996678905418,1.600595515309372,-0.44866450431162286,2.611567982162804,0.7801708346063182,-1.2849372863246027,0.6298485178568006,0.0,1.0,0.0,0.0,1.0,0.0,0.0,0.0,0.0,0.0,0.0,0.0,0.0,1.0,0.0,0.0,0.0,0.0,1.0,1
0.8197343206583761,-0.7962023810782808,-0.47468233284409056,-0.44866450431162286,-0.7488659466968468,-0.558800046825462,0.7782480986759835,-0.5263089106071039,0.0,1.0,0.0,0.0,1.0,0.0,0.0,0.0,0.0,0.0,0.0,0.0,0.0,1.0,0.0,0.0,1.0,0.0,0.0,0
-0.3847337967240967,0.4785793877110735,-0.47468233284409056,-0.44866450431162286,-0.42199994538614377,-0.558800046825462,0.7782480986759835,-0.1889341278903641,0.0,1.0,0.0,0.0,1.0,0.0,0.0,0.0,0.0,0.0,0.0,0.0,0.0,1.0,0.0,0.0,1.0,0.0,0.0,0
-1.5892019141065694,-0.42126656672847074,-0.47468233284409056,-0.44866450431162286,0.49584481500202265,-0.558800046825462,0.7782480986759835,0.7584194523595138,1.0,0.0,1.0,0.0,0.0,0.0,0.0,1.0,0.0,0.0,0.0,0.0,0.0,0.0,0.0,1.0,0.0,0.0,0.0,1
-1.5892019141065694,-0.7962023810782808,0.5629565912326407,-0.44866450431162286,1.5411874307322133,0.11068539389042806,-1.2849372863246027,0.6555305243934533,1.0,0.0,1.0,0.0,0.0,0.0,1.0,0.0,0.0,0.0,0.0,0.0,0.0,0.0,0.0,0.0,0.0,1.0,0.0,1
-1.5892019141065694,2.428245622330086,-0.47468233284409056,-0.44866450431162286,1.2626171382920948,-0.558800046825462,0.7782480986759835,1.5498435984189873,1.0,0.0,0.0,0.0,1.0,0.0,1.0,0.0,0.0,0.0,0.0,0.0,0.0,0.0,0.0,0.0,0.0,1.0,0.0,1
0.8197343206583761,0.6285537134509975,-0.47468233284409056,-0.44866450431162286,-0.5503375949161506,-0.558800046825462,0.7782480986759835,-0.32139784834750124,0.0,1.0,0.0,0.0,1.0,0.0,0.0,0.0,0.0,0.0,0.0,0.0,0.0,1.0,0.0,0.0,1.0,0.0,0.0,0
0.8197343206583761,-2.145971312737597,0.5629565912326407,1.9302119738683008,-0.23153764077625336,1.4496562753222082,-1.2849372863246027,-0.39281879225331695,0.0,1.0,0.0,0.0,1.0,0.0,0.0,0.0,0.0,0.0,0.0,0.0,0.0,1.0,1.0,0.0,0.0,0.0,0.0,1
0.8197343206583761,-0.5712408924683948,-0.47468233284409056,-0.44866450431162286,-0.5528519487723869,-0.558800046825462,0.7782480986759835,-0.3239930389837839,0.0,1.0,0.0,0.0,1.0,0.0,0.0,0.0,0.0,0.0,0.0,0.0,0.0,1.0,0.0,0.0,1.0,0.0,0.0,0
-0.3847337967240967,0.32860506197114947,-0.47468233284409056,-0.44866450431162286,-0.42199994538614377,-0.558800046825462,0.7782480986759835,-0.1889341278903641,0.0,1.0,0.0,0.0,1.0,0.0,0.0,0.0,0.0,0.0,0.0,0.0,0.0,1.0,0.0,0.0,1.0,0.0,0.0,0
-0.3847337967240967,-0.5712408924683948,0.5629565912326407,1.9302119738683008,0.2965822718953057,1.4496562753222082,-1.2849372863246027,-0.2565440343467988,1.0,0.0,1.0,0.0,0.0,0.0,0.0,0.0,0.0,0.0,0.0,0.0,0.0,1.0,0.0,0.0,0.0,1.0,0.0,1
-1.5892019141065694,-1.9210098241277112,-0.47468233284409056,1.9302119738683008,1.3093413760025316,0.7801708346063182,-1.2849372863246027,0.1818174015996064,0.0,1.0,0.0,0.0,1.0,1.0,0.0,0.0,0.0,0.0,0.0,0.0,0.0,0.0,1.0,0.0,0.0,0.0,0.0,1
0.8197343206583761,-1.995996986997673,2.6382344393861037,0.740773734778339,-0.2189658714950725,2.1191417160380985,-1.2849372863246027,-0.41692162528779175,1.0,0.0,0.0,0.0,1.0,0.0,0.0,0.0,0.0,0.0,0.0,0.0,0.0,1.0,0.0,1.0,0.0,0.0,0.0,0
-0.3847337967240967,1.8283483193703898,0.5629565912326407,-0.44866450431162286,-0.09513394407544075,0.11068539389042806,-1.2849372863246027,-0.1889341278903641,0.0,1.0,0.0,0.0,1.0,0.0,0.0,0.0,0.0,0.0,0.0,0.0,0.0,1.0,0.0,0.0,0.0,0.0,1.0,0
0.8197343206583761,-0.12131791524862266,1.600595515309372,-0.44866450431162286,-0.5496034035901297,0.7801708346063182,-1.2849372863246027,-0.4577526246319715,0.0,1.0,0.0,0.0,1.0,0.0,0.0,0.0,0.0,0.0,0.0,0.0,0.0,1.0,0.0,0.0,1.0,0.0,0.0,0
-1.5892019141065694,0.9285023649308456,-0.47468233284409056,-0.44866450431162286,4.971917664704515,-0.558800046825462,0.7782480986759835,5.378398584594914,0.0,1.0,1.0,0.0,0.0,0.0,0.0,0.0,0.0,0.0,0.0,0.0,0.0,1.0,0.0,0.0,1.0,0.0,0.0,0
0.8197343206583761,-0.2712922409885467,-0.47468233284409056,-0.44866450431162286,-0.554003522838543,-0.558800046825462,0.7782480986759835,-0.32518163629520136,0.0,1.0,0.0,1.0,0.0,0.0,0.0,0.0,0.0,0.0,0.0,0.0,0.0,1.0,0.0,0.0,1.0,0.0,0.0,1
-0.3847337967240967,1.0034895278008076,0.5629565912326407,0.740773734778339,-0.0888480594348503,0.7801708346063182,-1.2849372863246027,-0.2992297299323752,0.0,1.0,0.0,0.0,1.0,0.0,0.0,0.0,0.0,0.0,0.0,0.0,0.0,1.0,0.0,0.0,1.0,0.0,0.0,0
-0.3847337967240967,2.728194273809934,-0.47468233284409056,-0.44866450431162286,-0.48485879179204816,-0.558800046825462,0.7782480986759835,-0.25381389379742947,0.0,1.0,0.0,0.0,1.0,0.0,0.0,0.0,0.0,0.0,0.0,0.0,0.0,1.0,0.0,0.0,1.0,0.0,0.0,0
0.8197343206583761,-0.2712922409885467,2.6382344393861037,0.740773734778339,-0.1085429931907483,2.1191417160380985,-1.2849372863246027,-0.394127027853067,0.0,1.0,0.0,0.0,1.0,0.0,0.0,0.0,0.0,0.0,0.0,0.0,0.0,1.0,1.0,0.0,0.0,0.0,0.0,0
0.8197343206583761,-0.8711895439482429,-0.47468233284409056,-0.44866450431162286,-0.501410783227651,-0.558800046825462,0.7782480986759835,-0.2708980337560779,1.0,0.0,0.0,0.0,1.0,0.0,0.0,0.0,0.0,0.0,0.0,0.0,0.0,1.0,0.0,1.0,0.0,0.0,0.0,1
-0.3847337967240967,-2.1707170764846846,0.5629565912326407,0.740773734778339,-0.3842846375426011,0.7801708346063182,-1.2849372863246027,-0.40087469652011093,0.0,1.0,0.0,0.0,1.0,0.0,0.0,0.0,0.0,0.0,0.0,0.0,0.0,1.0,1.0,0.0,0.0,0.0,0.0,1
0.8197343206583761,-0.2712922409885467,-0.47468233284409056,-0.44866450431162286,-0.5464604612698345,-0.558800046825462,0.7782480986759835,-0.3173960643863535,0.0,1.0,0.0,0.0,1.0,0.0,0.0,0.0,0.0,0.0,0.0,0.0,0.0,1.0,0.0,0.0,1.0,0.0,0.0,0
-0.3847337967240967,0.028656410491301375,-0.47468233284409056,-0.44866450431162286,-0.48485879179204816,-0.558800046825462,0.7782480986759835,-0.25381389379742947,0.0,1.0,0.0,0.0,1.0,0.0,0.0,0.0,0.0,0.0,0.0,0.0,0.0,1.0,0.0,0.0,1.0,0.0,0.0,0
-0.3847337967240967,-0.7962023810782808,-0.47468233284409056,-0.44866450431162286,-0.48485879179204816,-0.558800046825462,0.7782480986759835,-0.25381389379742947,0.0,1.0,0.0,0.0,1.0,0.0,0.0,0.0,0.0,0.0,0.0,0.0,0.0,1.0,0.0,0.0,1.0,0.0,0.0,1
0.8197343206583761,1.5283996678905418,-0.47468233284409056,-0.44866450431162286,-0.5464604612698345,-0.558800046825462,0.7782480986759835,-0.3173960643863535,0.0,1.0,0.0,0.0,1.0,0.0,0.0,0.0,0.0,0.0,0.0,0.0,0.0,1.0,0.0,0.0,1.0,0.0,0.0,0
0.8197343206583761,-0.5712408924683948,-0.47468233284409056,-0.44866450431162286,-0.5015163860896129,-0.558800046825462,0.7782480986759835,-0.2710070317628018,1.0,0.0,0.0,0.0,1.0,0.0,0.0,0.0,0.0,0.0,0.0,0.0,0.0,1.0,0.0,1.0,0.0,0.0,0.0,0
-1.5892019141065694,-0.42126656672847074,-0.47468233284409056,-0.44866450431162286,1.2425023074422055,-0.558800046825462,0.7782480986759835,1.5290820733287265,0.0,1.0,1.0,0.0,0.0,0.0,1.0,0.0,0.0,0.0,0.0,0.0,0.0,0.0,0.0,0.0,1.0,0.0,0.0,0
0.8197343206583761,-0.2712922409885467,-0.47468233284409056,-0.44866450431162286,-0.554003522838543,-0.558800046825462,0.7782480986759835,-0.32518163629520136,0.0,1.0,0.0,1.0,0.0,0.0,0.0,0.0,0.0,0.0,0.0,0.0,0.0,1.0,0.0,0.0,1.0,0.0,0.0,0
0.8197343206583761,-0.8711895439482429,-0.47468233284409056,-0.44866450431162286,-0.553374934374484,-0.558800046825462,0.7782480986759835,-0.3245328386361307,1.0,0.0,0.0,0.0,1.0,0.0,0.0,0.0,0.0,0.0,0.0,0.0,0.0,1.0,0.0,1.0,0.0,0.0,0.0,0
-0.3847337967240967,-0.8711895439482429,-0.47468233284409056,-0.44866450431162286,-0.42199994538614377,-0.558800046825462,0.7782480986759835,-0.1889341278903641,0.0,1.0,0.0,0.0,1.0,0.0,0.0,0.0,0.0,0.0,0.0,0.0,0.0,1.0,0.0,0.0,1.0,0.0,0.0,0
0.8197343206583761,-1.0211638696881669,3.675873363462835,0.740773734778339,0.24901823999688597,2.7886271567539884,-1.2849372863246027,-0.35464786331132686,0.0,1.0,0.0,0.0,1.0,0.0,0.0,0.0,0.0,0.0,0.0,0.0,0.0,1.0,0.0,0.0,1.0,0.0,0.0,0
-0.3847337967240967,0.028656410491301375,0.5629565912326407,-0.44866450431162286,-0.14542102120016429,0.11068539389042806,-1.2849372863246027,-0.21488603425319025,0.0,1.0,1.0,0.0,0.0,0.0,0.0,0.0,0.0,0.0,0.0,0.0,0.0,1.0,0.0,0.0,1.0,0.0,0.0,0
-0.3847337967240967,0.028656410491301375,-0.47468233284409056,-0.44866450431162286,-0.42199994538614377,-0.558800046825462,0.7782480986759835,-0.1889341278903641,0.0,1.0,0.0,0.0,1.0,0.0,0.0,0.0,0.0,0.0,0.0,0.0,0.0,1.0,0.0,0.0,1.0,0.0,0.0,0
0.8197343206583761,2.5032327852000478,-0.47468233284409056,-0.44866450431162286,-0.5078022707302033,-0.558800046825462,0.7782480986759835,-0.2774950083535083,1.0,0.0,0.0,0.0,1.0,0.0,0.0,0.0,0.0,0.0,0.0,0.0,0.0,1.0,0.0,0.0,0.0,1.0,0.0,1
-1.5892019141065694,-0.04633075237866064,-0.47468233284409056,-0.44866450431162286,0.005440210174006327,-0.558800046825462,0.7782480986759835,0.25224828027768026,0.0,1.0,0.0,0.0,1.0,0.0,0.0,0.0,1.0,0.0,0.0,0.0,0.0,0.0,0.0,0.0,1.0,0.0,0.0,0
-1.5892019141065694,0.6285537134509975,-0.47468233284409056,0.740773734778339,3.1097243399295964,0.11068539389042806,-1.2849372863246027,1.4650133044954994,0.0,1.0,0.0,0.0,1.0,0.0,0.0,1.0,0.0,0.0,0.0,0.0,0.0,0.0,0.0,0.0,1.0,0.0,0.0,0
-1.5892019141065694,0.9285023649308456,-0.47468233284409056,-0.44866450431162286,-0.09701970946761787,-0.558800046825462,0.7782480986759835,0.14649426184916375,0.0,1.0,0.0,0.0,1.0,0.0,0.0,0.0,0.0,0.0,0.0,0.0,0.0,1.0,0.0,0.0,1.0,0.0,0.0,0
0.8197343206583761,-0.6462280553383568,-0.47468233284409056,-0.44866450431162286,-0.5544234199325345,-0.558800046825462,0.7782480986759835,-0.32561503313146056,0.0,1.0,0.0,1.0,0.0,0.0,0.0,0.0,0.0,0.0,0.0,0.0,0.0,1.0,0.0,0.0,1.0,0.0,0.0,0
-1.5892019141065694,-0.8711895439482429,0.5629565912326407,-0.44866450431162286,1.9892654027443502,0.11068539389042806,-1.2849372863246027,0.8867723908487795,0.0,1.0,1.0,0.0,0.0,0.0,0.0,1.0,0.0,0.0,0.0,0.0,0.0,0.0,0.0,0.0,1.0,0.0,0.0,0
-0.3847337967240967,0.7785280391909215,-0.47468233284409056,-0.44866450431162286,-0.42199994538614377,-0.558800046825462,0.7782480986759835,-0.1889341278903641,1.0,0.0,0.0,0.0,1.0,0.0,0.0,0.0,0.0,0.0,0.0,0.0,0.0,1.0,0.0,1.0,0.0,0.0,0.0,1
-1.5892019141065694,-0.8711895439482429,-0.47468233284409056,1.9302119738683008,1.2538168997952683,0.7801708346063182,-1.2849372863246027,0.1627142033259301,1.0,0.0,0.0,0.0,1.0,0.0,0.0,0.0,0.0,1.0,0.0,0.0,0.0,0.0,0.0,1.0,0.0,0.0,0.0,1
-0.3847337967240967,-0.42126656672847074,-0.47468233284409056,-0.44866450431162286,-0.48485879179204816,-0.558800046825462,0.7782480986759835,-0.25381389379742947,0.0,1.0,0.0,0.0,1.0,0.0,0.0,0.0,0.0,0.0,0.0,0.0,0.0,1.0,0.0,0.0,1.0,0.0,0.0,0
0.8197343206583761,-1.696048335517825,3.675873363462835,0.740773734778339,-0.01656038606806022,2.7886271567539884,-1.2849372863246027,-0.40033403180421867,0.0,1.0,0.0,1.0,0.0,0.0,0.0,0.0,0.0,0.0,0.0,0.0,0.0,1.0,1.0,0.0,0.0,0.0,0.0,0
-0.3847337967240967,-1.995996986997673,0.5629565912326407,1.9302119738683008,0.2965822718953057,1.4496562753222082,-1.2849372863246027,-0.2565440343467988,1.0,0.0,1.0,0.0,0.0,0.0,0.0,0.0,0.0,0.0,0.0,0.0,0.0,1.0,0.0,1.0,0.0,0.0,0.0,1
0.8197343206583761,-0.2712922409885467,-0.47468233284409056,-0.44866450431162286,-0.5670982777218211,-0.558800046825462,0.7782480986759835,-0.33869738912896125,0.0,1.0,1.0,0.0,0.0,0.0,0.0,0.0,0.0,0.0,0.0,0.0,0.0,1.0,0.0,0.0,1.0,0.0,0.0,0
0.8197343206583761,2.2032841337202,-0.47468233284409056,-0.44866450431162286,-0.5665752921197239,-0.558800046825462,0.7782480986759835,-0.3381575894766144,0.0,1.0,0.0,0.0,1.0,0.0,0.0,0.0,0.0,0.0,0.0,0.0,0.0,1.0,0.0,0.0,1.0,0.0,0.0,0
-1.5892019141065694,0.7785280391909215,0.5629565912326407,0.740773734778339,2.632939989940811,0.7801708346063182,-1.2849372863246027,0.6372015579929347,1.0,0.0,1.0,0.0,0.0,0.0,0.0,0.0,0.0,1.0,0.0,0.0,0.0,0.0,0.0,0.0,0.0,1.0,0.0,1
0.8197343206583761,0.1786307362312254,-0.47468233284409056,-0.44866450431162286,-0.5496034035901297,-0.558800046825462,0.7782480986759835,-0.32064005268170676,0.0,1.0,0.0,0.0,1.0,0.0,0.0,0.0,0.0,0.0,0.0,0.0,0.0,1.0,0.0,0.0,1.0,0.0,0.0,0
-1.5892019141065694,1.9783226451103137,-0.47468233284409056,-0.44866450431162286,0.022935084305697608,-0.558800046825462,0.7782480986759835,0.27030561672493464,0.0,1.0,1.0,0.0,0.0,1.0,0.0,0.0,0.0,0.0,0.0,0.0,0.0,0.0,0.0,0.0,1.0,0.0,0.0,0
-1.5892019141065694,0.4785793877110735,-0.47468233284409056,-0.44866450431162286,2.6614351621935355,-0.558800046825462,0.7782480986759835,2.9936337906740023,1.0,0.0,1.0,0.0,0.0,0.0,0.0,1.0,0.0,0.0,0.0,0.0,0.0,0.0,0.0,1.0,0.0,0.0,0.0,1
-1.5892019141065694,1.3784253421506176,-0.47468233284409056,-0.44866450431162286,-0.09691410660565593,-0.558800046825462,0.7782480986759835,0.14660325985588765,1.0,0.0,0.0,0.0,1.0,0.0,0.0,0.0,1.0,0.0,0.0,0.0,0.0,0.0,0.0,0.0,0.0,1.0,0.0,1
0.8197343206583761,-0.8711895439482429,0.5629565912326407,0.740773734778339,-0.551383566120345,0.7801708346063182,-1.2849372863246027,-0.4583650896221342,0.0,1.0,0.0,0.0,1.0,0.0,0.0,0.0,0.0,0.0,0.0,0.0,0.0,1.0,0.0,0.0,1.0,0.0,0.0,0
0.8197343206583761,-1.621061172647863,3.675873363462835,0.740773734778339,-0.01656038606806022,2.7886271567539884,-1.2849372863246027,-0.40033403180421867,0.0,1.0,0.0,1.0,0.0,0.0,0.0,0.0,0.0,0.0,0.0,0.0,0.0,1.0,1.0,0.0,0.0,0.0,0.0,0
-1.5892019141065694,0.1036435733612634,0.5629565912326407,-0.44866450431162286,2.0992683839546826,0.11068539389042806,-1.2849372863246027,0.9435421860174616,1.0,0.0,1.0,0.0,0.0,0.0,0.0,0.0,1.0,0.0,0.0,0.0,0.0,0.0,0.0,1.0,0.0,0.0,0.0,1
0.8197343206583761,-0.2712922409885467,0.5629565912326407,-0.44866450431162286,-0.14164949041581007,0.11068539389042806,-1.2849372863246027,-0.2129396412759783,0.0,1.0,0.0,1.0,0.0,0.0,0.0,0.0,0.0,0.0,0.0,0.0,0.0,1.0,0.0,0.0,1.0,0.0,0.0,0
0.8197343206583761,-0.2712922409885467,0.5629565912326407,-0.44866450431162286,-0.3591410989802393,0.11068539389042806,-1.2849372863246027,-0.32518163629520136,0.0,1.0,0.0,1.0,0.0,0.0,0.0,0.0,0.0,0.0,0.0,0.0,0.0,1.0,0.0,0.0,1.0,0.0,0.0,0
0.8197343206583761,-0.2712922409885467,-0.47468233284409056,-0.44866450431162286,-0.5545265084406402,-0.558800046825462,0.7782480986759835,-0.32572143594754815,0.0,1.0,0.0,1.0,0.0,0.0,0.0,0.0,0.0,0.0,0.0,0.0,0.0,1.0,0.0,0.0,1.0,0.0,0.0,0
0.8197343206583761,-0.5712408924683948,-0.47468233284409056,-0.44866450431162286,-0.554003522838543,-0.558800046825462,0.7782480986759835,-0.32518163629520136,1.0,0.0,0.0,1.0,0.0,0.0,0.0,0.0,0.0,0.0,0.0,0.0,0.0,1.0,0.0,1.0,0.0,0.0,0.0,1
-0.3847337967240967,0.028656410491301375,-0.47468233284409056,-0.44866450431162286,-0.42199994538614377,-0.558800046825462,0.7782480986759835,-0.1889341278903641,0.0,1.0,0.0,0.0,1.0,0.0,0.0,0.0,0.0,0.0,0.0,0.0,0.0,1.0,0.0,0.0,1.0,0.0,0.0,0
-0.3847337967240967,-0.3462794038585087,-0.47468233284409056,-0.44866450431162286,-0.42199994538614377,-0.558800046825462,0.7782480986759835,-0.1889341278903641,0.0,1.0,0.0,0.0,1.0,0.0,0.0,0.0,0.0,0.0,0.0,0.0,0.0,1.0,0.0,0.0,1.0,0.0,0.0,0
-0.3847337967240967,0.028656410491301375,-0.47468233284409056,-0.44866450431162286,-0.7488659466968468,-0.558800046825462,0.7782480986759835,-0.5263089106071039,0.0,1.0,0.0,0.0,1.0,0.0,0.0,0.0,0.0,0.0,0.0,0.0,0.0,1.0,0.0,0.0,1.0,0.0,0.0,0
0.8197343206583761,-1.846022661257749,3.675873363462835,1.9302119738683008,0.04032686992928326,3.4581125974698788,-1.2849372863246027,-0.40994241618378885,1.0,0.0,0.0,0.0,1.0,0.0,0.0,0.0,0.0,0.0,0.0,0.0,0.0,1.0,0.0,1.0,0.0,0.0,0.0,1
0.8197343206583761,-0.04633075237866064,-0.47468233284409056,-0.44866450431162286,-0.5104222274484014,-0.558800046825462,0.7782480986759835,-0.2801991969965148,0.0,1.0,0.0,0.0,1.0,0.0,0.0,0.0,0.0,0.0,0.0,0.0,0.0,1.0,0.0,0.0,1.0,0.0,0.0,0
0.8197343206583761,-0.5712408924683948,0.5629565912326407,-0.44866450431162286,-0.14164949041581007,0.11068539389042806,-1.2849372863246027,-0.2129396412759783,1.0,0.0,0.0,1.0,0.0,0.0,0.0,0.0,0.0,0.0,0.0,0.0,0.0,1.0,0.0,1.0,0.0,0.0,0.0,1
0.8197343206583761,1.4534125050205797,-0.47468233284409056,-0.44866450431162286,-0.7488659466968468,-0.558800046825462,0.7782480986759835,-0.5263089106071039,0.0,1.0,0.0,0.0,1.0,0.0,0.0,0.0,0.0,0.0,0.0,0.0,0.0,1.0,0.0,0.0,1.0,0.0,0.0,0
0.8197343206583761,0.32860506197114947,0.5629565912326407,0.740773734778339,-0.3867989913988373,0.7801708346063182,-1.2849372863246027,-0.4017397600655384,0.0,1.0,0.0,0.0,1.0,0.0,0.0,0.0,0.0,0.0,0.0,0.0,0.0,1.0,0.0,0.0,1.0,0.0,0.0,0
0.8197343206583761,-0.2712922409885467,0.5629565912326407,-0.44866450431162286,-0.554003522838543,0.11068539389042806,-1.2849372863246027,-0.4257452734511526,0.0,1.0,0.0,1.0,0.0,0.0,0.0,0.0,0.0,0.0,0.0,0.0,0.0,1.0,0.0,0.0,1.0,0.0,0.0,0
-1.5892019141065694,1.6783739936304658,-0.47468233284409056,-0.44866450431162286,0.01801197945518721,-0.558800046825462,0.7782480986759835,0.2652242334590933,0.0,1.0,0.0,0.0,1.0,0.0,0.0,1.0,0.0,0.0,0.0,0.0,0.0,0.0,0.0,0.0,0.0,0.0,1.0,1
-1.5892019141065694,1.4534125050205797,-0.47468233284409056,-0.44866450431162286,-0.09691410660565593,-0.558800046825462,0.7782480986759835,0.14660325985588765,1.0,0.0,0.0,0.0,1.0,0.0,0.0,0.0,1.0,0.0,0.0,0.0,0.0,0.0,0.0,0.0,0.0,0.0,1.0,1
0.8197343206583761,1.1534638535407316,-0.47468233284409056,-0.44866450431162286,-0.554003522838543,-0.558800046825462,0.7782480986759835,-0.32518163629520136,1.0,0.0,0.0,0.0,1.0,0.0,0.0,0.0,0.0,0.0,0.0,0.0,0.0,1.0,0.0,1.0,0.0,0.0,0.0,0
0.8197343206583761,0.1786307362312254,-0.47468233284409056,-0.44866450431162286,-0.5496034035901297,-0.558800046825462,0.7782480986759835,-0.32064005268170676,0.0,1.0,0.0,0.0,1.0,0.0,0.0,0.0,0.0,0.0,0.0,0.0,0.0,1.0,0.0,0.0,1.0,0.0,0.0,0
-0.3847337967240967,-2.145971312737597,-0.47468233284409056,1.9302119738683008,0.18155058297250057,0.7801708346063182,-1.2849372863246027,-0.20619906613000694,0.0,1.0,1.0,0.0,0.0,0.0,0.0,0.0,0.0,0.0,0.0,0.0,0.0,1.0,1.0,0.0,0.0,0.0,0.0,1
-0.3847337967240967,1.0784766906707697,0.5629565912326407,-0.44866450431162286,-0.09513394407544075,0.11068539389042806,-1.2849372863246027,-0.1889341278903641,1.0,0.0,0.0,0.0,1.0,0.0,0.0,0.0,0.0,0.0,0.0,0.0,0.0,1.0,0.0,0.0,0.0,1.0,0.0,0
0.8197343206583761,-0.2712922409885467,-0.47468233284409056,-0.44866450431162286,0.6716383792146313,-0.558800046825462,0.7782480986759835,0.9398648008858492,0.0,1.0,0.0,0.0,1.0,0.0,0.0,0.0,0.0,0.0,0.0,0.0,0.0,1.0,0.0,0.0,1.0,0.0,0.0,1
-1.5892019141065694,-2.151970285767194,0.5629565912326407,1.9302119738683008,3.0616373224290796,1.4496562753222082,-1.2849372863246027,0.4569439417144715,0.0,1.0,0.0,0.0,1.0,0.0,0.0,1.0,0.0,0.0,0.0,0.0,0.0,0.0,1.0,0.0,0.0,0.0,0.0,1
0.8197343206583761,-0.42126656672847074,-0.47468233284409056,3.119650212958262,-0.26464413800131514,1.4496562753222082,-1.2849372863246027,-0.40136151103030027,1.0,0.0,1.0,0.0,0.0,0.0,0.0,0.0,0.0,0.0,0.0,0.0,0.0,1.0,0.0,0.0,0.0,1.0,0.0,1
0.8197343206583761,-0.7962023810782808,-0.47468233284409056,-0.44866450431162286,-0.5565178766947793,-0.558800046825462,0.7782480986759835,-0.32777682693148397,0.0,1.0,0.0,0.0,1.0,0.0,0.0,0.0,0.0,0.0,1.0,0.0,0.0,0.0,0.0,0.0,1.0,0.0,0.0,0
0.8197343206583761,0.32860506197114947,-0.47468233284409056,-0.44866450431162286,-0.5464604612698345,-0.558800046825462,0.7782480986759835,-0.3173960643863535,0.0,1.0,0.0,0.0,1.0,0.0,0.0,0.0,0.0,0.0,0.0,0.0,0.0,1.0,0.0,0.0,1.0,0.0,0.0,0
-0.3847337967240967,-0.6462280553383568,-0.47468233284409056,-0.44866450431162286,-0.48485879179204816,-0.558800046825462,0.7782480986759835,-0.25381389379742947,1.0,0.0,0.0,0.0,1.0,0.0,0.0,0.0,0.0,0.0,0.0,0.0,0.0,1.0,0.0,1.0,0.0,0.0,0.0,1
-0.3847337967240967,0.40359222484111146,-0.47468233284409056,-0.44866450431162286,-0.09513394407544075,-0.558800046825462,0.7782480986759835,0.1484406548263757,0.0,1.0,0.0,0.0,1.0,0.0,0.0,0.0,0.0,0.0,0.0,0.0,0.0,1.0,0.0,0.0,1.0,0.0,0.0,0
-0.3847337967240967,-0.12131791524862266,-0.47468233284409056,0.740773734778339,0.08087082586109164,0.11068539389042806,-1.2849372863246027,-0.09810245562047262,0.0,1.0,0.0,0.0,1.0,0.0,0.0,0.0,0.0,0.0,0.0,0.0,0.0,1.0,0.0,0.0,0.0,0.0,1.0,0
0.8197343206583761,-0.5712408924683948,-0.47468233284409056,-0.44866450431162286,-0.554003522838543,-0.558800046825462,0.7782480986759835,-0.32518163629520136,1.0,0.0,0.0,1.0,0.0,0.0,0.0,0.0,0.0,0.0,0.0,0.0,0.0,1.0,0.0,1.0,0.0,0.0,0.0,1
-1.5892019141065694,-0.7962023810782808,-0.47468233284409056,-0.44866450431162286,0.005440210174006327,-0.558800046825462,0.7782480986759835,0.25224828027768026,1.0,0.0,0.0,0.0,1.0,0.0,1.0,0.0,0.0,0.0,0.0,0.0,0.0,0.0,0.0,1.0,0.0,0.0,0.0,1
0.8197343206583761,-0.5712408924683948,2.6382344393861037,0.740773734778339,-0.1085429931907483,2.1191417160380985,-1.2849372863246027,-0.394127027853067,1.0,0.0,0.0,0.0,1.0,0.0,0.0,0.0,0.0,0.0,0.0,0.0,0.0,1.0,0.0,1.0,0.0,0.0,0.0,0
0.8197343206583761,-0.2712922409885467,-0.47468233284409056,-0.44866450431162286,-0.5503375949161506,-0.558800046825462,0.7782480986759835,-0.32139784834750124,0.0,1.0,0.0,0.0,1.0,0.0,0.0,0.0,0.0,0.0,0.0,0.0,0.0,1.0,0.0,0.0,1.0,0.0,0.0,0
0.8197343206583761,-0.5712408924683948,-0.47468233284409056,-0.44866450431162286,-0.5503375949161506,-0.558800046825462,0.7782480986759835,-0.32139784834750124,0.0,1.0,0.0,0.0,1.0,0.0,0.0,0.0,0.0,0.0,0.0,0.0,0.0,1.0,0.0,0.0,1.0,0.0,0.0,0
-1.5892019141065694,0.6285537134509975,0.5629565912326407,-0.44866450431162286,1.5140525239157125,0.11068539389042806,-1.2849372863246027,0.6415268757200723,0.0,1.0,0.0,0.0,1.0,0.0,0.0,1.0,0.0,0.0,0.0,0.0,0.0,0.0,0.0,0.0,1.0,0.0,0.0,1
-1.5892019141065694,0.1786307362312254,-0.47468233284409056,-0.44866450431162286,1.1693773542412889,-0.558800046825462,0.7782480986759835,1.4536061440537194,1.0,0.0,1.0,0.0,0.0,0.0,0.0,0.0,1.0,0.0,0.0,0.0,0.0,0.0,0.0,1.0,0.0,0.0,0.0,1
0.8197343206583761,-0.7962023810782808,-0.47468233284409056,-0.44866450431162286,-0.4931360446867777,-0.558800046825462,0.7782480986759835,-0.2623572613720718,0.0,1.0,0.0,0.0,1.0,0.0,0.0,0.0,0.0,0.0,0.0,0.0,0.0,1.0,0.0,0.0,1.0,0.0,0.0,0
-0.3847337967240967,0.32860506197114947,0.5629565912326407,0.740773734778339,0.06829905657991076,0.7801708346063182,-1.2849372863246027,-0.24516325834315406,1.0,0.0,0.0,0.0,1.0,0.0,0.0,0.0,0.0,0.0,0.0,0.0,0.0,1.0,0.0,0.0,0.0,1.0,0.0,1
0.8197343206583761,-0.2712922409885467,-0.47468233284409056,-0.44866450431162286,-0.5503375949161506,-0.558800046825462,0.7782480986759835,-0.32139784834750124,0.0,1.0,0.0,0.0,1.0,0.0,0.0,0.0,0.0,0.0,0.0,0.0,0.0,1.0,0.0,0.0,1.0,0.0,0.0,0
0.8197343206583761,-0.8711895439482429,-0.47468233284409056,0.740773734778339,-0.38543621160875724,0.11068539389042806,-1.2849372863246027,-0.3387518881323231,1.0,0.0,1.0,0.0,0.0,0.0,0.0,0.0,0.0,0.0,0.0,0.0,0.0,1.0,0.0,1.0,0.0,0.0,0.0,0
0.8197343206583761,-0.5712408924683948,-0.47468233284409056,-0.44866450431162286,-0.554003522838543,-0.558800046825462,0.7782480986759835,-0.32518163629520136,1.0,0.0,0.0,1.0,0.0,0.0,0.0,0.0,0.0,0.0,0.0,0.0,0.0,1.0,0.0,1.0,0.0,0.0,0.0,1
-1.5892019141065694,0.2536178991011874,0.5629565912326407,-0.44866450431162286,0.5862559509645633,0.11068539389042806,-1.2849372863246027,0.1627142033259301,1.0,0.0,0.0,0.0,1.0,0.0,0.0,0.0,0.0,1.0,0.0,0.0,0.0,0.0,0.0,0.0,0.0,1.0,0.0,1
0.8197343206583761,-1.771035498387787,3.675873363462835,1.9302119738683008,0.037498221841017546,3.4581125974698788,-1.2849372863246027,-0.41035950039319147,1.0,0.0,0.0,0.0,1.0,0.0,0.0,0.0,0.0,0.0,0.0,0.0,0.0,1.0,0.0,1.0,0.0,0.0,0.0,0
-0.3847337967240967,-1.995996986997673,0.5629565912326407,0.740773734778339,-0.2774245986525636,0.7801708346063182,-1.2849372863246027,-0.3641094958394405,0.0,1.0,0.0,0.0,1.0,0.0,0.0,0.0,0.0,0.0,0.0,0.0,0.0,1.0,1.0,0.0,0.0,0.0,0.0,1
-1.5892019141065694,0.9285023649308456,-0.47468233284409056,-0.44866450431162286,-0.09513394407544075,-0.558800046825462,0.7782480986759835,0.1484406548263757,0.0,1.0,0.0,0.0,1.0,1.0,0.0,0.0,0.0,0.0,0.0,0.0,0.0,0.0,0.0,0.0,1.0,0.0,0.0,0
0.8197343206583761,-0.5712408924683948,-0.47468233284409056,-0.44866450431162286,-0.5665752921197239,-0.558800046825462,0.7782480986759835,-0.3381575894766144,0.0,1.0,0.0,0.0,1.0,0.0,0.0,0.0,0.0,0.0,0.0,0.0,0.0,1.0,0.0,0.0,1.0,0.0,0.0,0
-1.5892019141065694,1.6033868307605037,-0.47468233284409056,0.740773734778339,0.7944243354300687,0.11068539389042806,-1.2849372863246027,0.27014471490548514,0.0,1.0,1.0,0.0,0.0,0.0,0.0,0.0,0.0,0.0,0.0,0.0,0.0,1.0,0.0,0.0,1.0,0.0,0.0,0
0.8197343206583761,-0.8711895439482429,-0.47468233284409056,0.740773734778339,-0.5137738611387642,0.11068539389042806,-1.2849372863246027,-0.4049837483608917,1.0,0.0,0.0,0.0,1.0,0.0,0.0,0.0,0.0,0.0,0.0,0.0,0.0,1.0,0.0,0.0,0.0,1.0,0.0,1
-0.3847337967240967,1.5283996678905418,-0.47468233284409056,-0.44866450431162286,-0.42199994538614377,-0.558800046825462,0.7782480986759835,-0.1889341278903641,0.0,1.0,0.0,0.0,1.0,0.0,0.0,0.0,0.0,0.0,0.0,0.0,0.0,1.0,0.0,0.0,1.0,0.0,0.0,0
0.8197343206583761,-0.2712922409885467,0.5629565912326407,-0.44866450431162286,-0.3591410989802393,0.11068539389042806,-1.2849372863246027,-0.32518163629520136,0.0,1.0,0.0,1.0,0.0,0.0,0.0,0.0,0.0,0.0,0.0,0.0,0.0,1.0,0.0,0.0,1.0,0.0,0.0,0
0.8197343206583761,0.1036435733612634,-0.47468233284409056,-0.44866450431162286,-0.5496034035901297,-0.558800046825462,0.7782480986759835,-0.32064005268170676,0.0,1.0,0.0,0.0,1.0,0.0,0.0,0.0,0.0,0.0,0.0,0.0,0.0,1.0,0.0,0.0,1.0,0.0,0.0,1
0.8197343206583761,-0.5712408924683948,-0.47468233284409056,1.9302119738683008,-0.3655325864827917,0.7801708346063182,-1.2849372863246027,-0.39442305259831234,1.0,0.0,1.0,0.0,0.0,0.0,0.0,0.0,0.0,0.0,0.0,0.0,0.0,1.0,0.0,0.0,0.0,1.0,0.0,0
-1.5892019141065694,1.6783739936304658,0.5629565912326407,-0.44866450431162286,1.2190358429019532,0.11068539389042806,-1.2849372863246027,0.4892761242565984,1.0,0.0,1.0,0.0,0.0,0.0,0.0,0.0,1.0,0.0,0.0,0.0,0.0,0.0,0.0,0.0,0.0,1.0,0.0,1
0.8197343206583761,-0.2712922409885467,-0.47468233284409056,-0.44866450431162286,-0.5361943544748222,-0.558800046825462,0.7782480986759835,-0.3067999010184116,0.0,1.0,0.0,1.0,0.0,0.0,0.0,0.0,0.0,0.0,0.0,0.0,0.0,1.0,0.0,0.0,1.0,0.0,0.0,0
0.8197343206583761,0.8535152020608836,-0.47468233284409056,1.9302119738683008,-0.24065217350510953,0.7801708346063182,-1.2849372863246027,-0.35145794148756276,1.0,0.0,0.0,0.0,1.0,0.0,0.0,0.0,0.0,0.0,0.0,0.0,0.0,1.0,0.0,0.0,0.0,1.0,0.0,0
-0.3847337967240967,-0.1963050781185847,0.5629565912326407,-0.44866450431162286,-0.2208516368872496,0.11068539389042806,-1.2849372863246027,-0.25381389379742947,1.0,0.0,0.0,0.0,1.0,0.0,0.0,0.0,0.0,0.0,0.0,0.0,0.0,1.0,0.0,0.0,0.0,1.0,0.0,0
0.8197343206583761,-2.1647181034550877,1.600595515309372,0.740773734778339,-0.26464413800131514,1.4496562753222082,-1.2849372863246027,-0.40136151103030027,1.0,0.0,1.0,0.0,0.0,0.0,0.0,0.0,0.0,0.0,0.0,0.0,0.0,1.0,0.0,1.0,0.0,0.0,0.0,1
-0.3847337967240967,1.3784253421506176,0.5629565912326407,1.9302119738683008,0.8854640598566682,1.4496562753222082,-1.2849372863246027,-0.10459043221117915,1.0,0.0,0.0,0.0,1.0,0.0,0.0,0.0,0.0,0.0,0.0,0.0,0.0,1.0,0.0,0.0,0.0,1.0,0.0,1
-1.5892019141065694,-0.12131791524862266,0.5629565912326407,-0.44866450431162286,1.3171987318032696,0.11068539389042806,-1.2849372863246027,0.5399355430721531,0.0,1.0,1.0,0.0,0.0,0.0,0.0,0.0,0.0,0.0,0.0,0.0,0.0,1.0,0.0,0.0,1.0,0.0,0.0,0
-0.3847337967240967,-1.9210098241277112,1.600595515309372,0.740773734778339,0.23173205723526225,1.4496562753222082,-1.2849372863246027,-0.27327782356954905,1.0,0.0,0.0,0.0,1.0,0.0,0.0,0.0,0.0,0.0,1.0,0.0,0.0,0.0,0.0,1.0,0.0,0.0,0.0,1
-1.5892019141065694,0.40359222484111146,-0.47468233284409056,-0.44866450431162286,-0.08130499786614176,-0.558800046825462,0.7782480986759835,0.1627142033259301,0.0,1.0,1.0,0.0,0.0,0.0,0.0,0.0,0.0,0.0,0.0,0.0,0.0,1.0,0.0,0.0,1.0,0.0,0.0,1
-1.5892019141065694,1.1909574349757126,-0.47468233284409056,-0.44866450431162286,-0.032275097669536325,-0.558800046825462,0.7782480986759835,0.21332042073344104,0.0,1.0,0.0,0.0,1.0,0.0,0.0,1.0,0.0,0.0,0.0,0.0,0.0,0.0,0.0,0.0,1.0,0.0,0.0,0
0.8197343206583761,0.028656410491301375,0.5629565912326407,-0.44866450431162286,-0.34405497584282224,0.11068539389042806,-1.2849372863246027,-0.3173960643863535,0.0,1.0,0.0,0.0,1.0,0.0,0.0,0.0,0.0,0.0,0.0,0.0,0.0,1.0,0.0,0.0,1.0,0.0,0.0,0
0.8197343206583761,0.028656410491301375,-0.47468233284409056,-0.44866450431162286,-0.5464604612698345,-0.558800046825462,0.7782480986759835,-0.3173960643863535,0.0,1.0,0.0,0.0,1.0,0.0,0.0,0.0,0.0,0.0,0.0,0.0,0.0,1.0,0.0,0.0,1.0,0.0,0.0,0
-1.5892019141065694,2.57821994807001,-0.47468233284409056,-0.44866450431162286,-0.09513394407544075,-0.558800046825462,0.7782480986759835,0.1484406548263757,0.0,1.0,0.0,0.0,1.0,0.0,0.0,0.0,0.0,0.0,0.0,0.0,0.0,1.0,0.0,0.0,1.0,0.0,0.0,0
0.8197343206583761,-1.246125358298053,-0.47468233284409056,-0.44866450431162286,-0.5670982777218211,-0.558800046825462,0.7782480986759835,-0.33869738912896125,1.0,0.0,1.0,0.0,0.0,0.0,0.0,0.0,0.0,0.0,0.0,0.0,0.0,1.0,0.0,1.0,0.0,0.0,0.0,1
-0.3847337967240967,0.32860506197114947,0.5629565912326407,-0.44866450431162286,-0.2208516368872496,0.11068539389042806,-1.2849372863246027,-0.25381389379742947,0.0,1.0,0.0,0.0,1.0,0.0,0.0,0.0,0.0,0.0,0.0,0.0,0.0,1.0,0.0,0.0,1.0,0.0,0.0,0
0.8197343206583761,-1.096151032558129,-0.47468233284409056,-0.44866450431162286,-0.5469834468719317,-0.558800046825462,0.7782480986759835,-0.3179358640387003,1.0,0.0,0.0,1.0,0.0,0.0,0.0,0.0,0.0,0.0,0.0,0.0,0.0,1.0,0.0,1.0,0.0,0.0,0.0,1
-1.5892019141065694,0.4785793877110735,0.5629565912326407,1.9302119738683008,2.2683586807865654,1.4496562753222082,-1.2849372863246027,0.25224828027768026,1.0,0.0,0.0,0.0,1.0,0.0,1.0,0.0,0.0,0.0,0.0,0.0,0.0,0.0,0.0,0.0,0.0,1.0,0.0,1
0.8197343206583761,-0.2712922409885467,7.82642905976976,1.9302119738683008,0.9998671603154142,6.136054360333439,-1.2849372863246027,-0.3622220844675986,0.0,1.0,0.0,0.0,1.0,0.0,0.0,0.0,0.0,0.0,0.0,0.0,0.0,1.0,0.0,0.0,1.0,0.0,0.0,0
-1.5892019141065694,1.6033868307605037,-0.47468233284409056,-0.44866450431162286,-0.08130499786614176,-0.558800046825462,0.7782480986759835,0.1627142033259301,0.0,1.0,0.0,0.0,1.0,0.0,0.0,0.0,0.0,1.0,0.0,0.0,0.0,0.0,0.0,0.0,1.0,0.0,0.0,1
-1.5892019141065694,-0.5712408924683948,-0.47468233284409056,1.9302119738683008,0.49573921214006084,0.7801708346063182,-1.2849372863246027,-0.09810245562047262,1.0,0.0,1.0,0.0,0.0,0.0,1.0,0.0,0.0,0.0,0.0,0.0,0.0,0.0,0.0,1.0,0.0,0.0,0.0,1
-1.5892019141065694,1.6033868307605037,0.5629565912326407,-0.44866450431162286,1.2112815756093207,0.11068539389042806,-1.2849372863246027,0.48527434029545047,1.0,0.0,0.0,0.0,1.0,0.0,0.0,0.0,1.0,0.0,0.0,0.0,0.0,0.0,0.0,0.0,0.0,1.0,0.0,1
-0.3847337967240967,-0.04633075237866064,0.5629565912326407,-0.44866450431162286,-0.09513394407544075,0.11068539389042806,-1.2849372863246027,-0.1889341278903641,1.0,0.0,0.0,0.0,1.0,0.0,0.0,0.0,0.0,0.0,0.0,0.0,0.0,1.0,0.0,0.0,0.0,1.0,0.0,1
0.8197343206583761,-0.7212152182083188,-0.47468233284409056,-0.44866450431162286,-0.5169168034590594,-0.558800046825462,0.7782480986759835,-0.2869025744100328,0.0,1.0,0.0,0.0,1.0,0.0,0.0,0.0,0.0,0.0,0.0,0.0,0.0,1.0,0.0,0.0,1.0,0.0,0.0,0
0.8197343206583761,1.0034895278008076,-0.47468233284409056,-0.44866450431162286,-0.5464604612698345,-0.558800046825462,0.7782480986759835,-0.3173960643863535,0.0,1.0,0.0,0.0,1.0,0.0,0.0,0.0,0.0,0.0,0.0,0.0,0.0,1.0,0.0,0.0,1.0,0.0,0.0,0
-0.3847337967240967,-0.8711895439482429,-0.47468233284409056,-0.44866450431162286,-0.4597152532296864,-0.558800046825462,0.7782480986759835,-0.2278619874346033,0.0,1.0,0.0,0.0,1.0,0.0,0.0,0.0,0.0,0.0,0.0,0.0,0.0,1.0,0.0,0.0,1.0,0.0,0.0,0
-1.5892019141065694,0.40359222484111146,0.5629565912326407,-0.44866450431162286,2.611567982162804,0.11068539389042806,-1.2849372863246027,1.2079272320887529,1.0,0.0,0.0,0.0,1.0,0.0,0.0,0.0,0.0,0.0,0.0,0.0,0.0,1.0,0.0,0.0,0.0,1.0,0.0,1
-0.3847337967240967,-0.2712922409885467,-0.47468233284409056,-0.44866450431162286,-0.48485879179204816,-0.558800046825462,0.7782480986759835,-0.25381389379742947,0.0,1.0,0.0,0.0,1.0,0.0,0.0,0.0,0.0,0.0,0.0,0.0,0.0,1.0,0.0,0.0,1.0,0.0,0.0,0
-0.3847337967240967,-0.4962537295984327,-0.47468233284409056,-0.44866450431162286,-0.37056129419526407,-0.558800046825462,0.7782480986759835,-0.1358417178532944,0.0,1.0,1.0,0.0,0.0,0.0,0.0,0.0,0.0,0.0,0.0,0.0,0.0,1.0,0.0,0.0,1.0,0.0,0.0,0
0.8197343206583761,-0.6462280553383568,-0.47468233284409056,-0.44866450431162286,-0.5464604612698345,-0.558800046825462,0.7782480986759835,-0.3173960643863535,0.0,1.0,0.0,0.0,1.0,0.0,0.0,0.0,0.0,0.0,0.0,0.0,0.0,1.0,0.0,0.0,1.0,0.0,0.0,0
0.8197343206583761,0.9285023649308456,-0.47468233284409056,0.740773734778339,-0.537554619911046,0.11068539389042806,-1.2849372863246027,-0.41725640487987226,0.0,1.0,0.0,0.0,1.0,0.0,0.0,0.0,0.0,0.0,0.0,0.0,0.0,1.0,0.0,0.0,1.0,0.0,0.0,0
0.8197343206583761,-0.2712922409885467,-0.47468233284409056,-0.44866450431162286,-0.554003522838543,-0.558800046825462,0.7782480986759835,-0.32518163629520136,0.0,1.0,0.0,1.0,0.0,0.0,0.0,0.0,0.0,0.0,0.0,0.0,0.0,1.0,0.0,0.0,1.0,0.0,0.0,0
0.8197343206583761,-2.0709841498676353,3.675873363462835,1.9302119738683008,0.037498221841017546,3.4581125974698788,-1.2849372863246027,-0.41035950039319147,1.0,0.0,0.0,0.0,1.0,0.0,0.0,0.0,0.0,0.0,0.0,0.0,0.0,1.0,0.0,1.0,0.0,0.0,0.0,0
-0.3847337967240967,-0.3462794038585087,-0.47468233284409056,-0.44866450431162286,-0.42199994538614377,-0.558800046825462,0.7782480986759835,-0.1889341278903641,0.0,1.0,0.0,0.0,1.0,0.0,0.0,0.0,0.0,0.0,0.0,0.0,0.0,1.0,0.0,0.0,1.0,0.0,0.0,0
0.8197343206583761,-0.42126656672847074,-0.47468233284409056,-0.44866450431162286,-0.5464604612698345,-0.558800046825462,0.7782480986759835,-0.3173960643863535,0.0,1.0,0.0,0.0,1.0,0.0,0.0,0.0,0.0,0.0,0.0,0.0,0.0,1.0,0.0,0.0,1.0,0.0,0.0,0
0.8197343206583761,2.353258459460124,-0.47468233284409056,-0.44866450431162286,-0.5920331249141152,-0.558800046825462,0.7782480986759835,-0.36443389466897586,0.0,1.0,0.0,0.0,1.0,0.0,0.0,0.0,0.0,0.0,0.0,0.0,0.0,1.0,0.0,0.0,1.0,0.0,0.0,0
-0.3847337967240967,0.1036435733612634,-0.47468233284409056,-0.44866450431162286,-0.48485879179204816,-0.558800046825462,0.7782480986759835,-0.25381389379742947,0.0,1.0,0.0,0.0,1.0,0.0,0.0,0.0,0.0,0.0,0.0,0.0,0.0,1.0,0.0,0.0,1.0,0.0,0.0,0
0.8197343206583761,-0.5712408924683948,-0.47468233284409056,-0.44866450431162286,-0.5670982777218211,-0.558800046825462,0.7782480986759835,-0.33869738912896125,1.0,0.0,1.0,0.0,0.0,0.0,0.0,0.0,0.0,0.0,0.0,0.0,0.0,1.0,0.0,0.0,0.0,1.0,0.0,1
-0.3847337967240967,-0.4962537295984327,-0.47468233284409056,-0.44866450431162286,-0.42199994538614377,-0.558800046825462,0.7782480986759835,-0.1889341278903641,0.0,1.0,0.0,0.0,1.0,0.0,0.0,0.0,0.0,0.0,0.0,0.0,0.0,1.0,0.0,0.0,1.0,0.0,0.0,0
-0.3847337967240967,-0.7962023810782808,0.5629565912326407,0.740773734778339,0.17515909546994826,0.7801708346063182,-1.2849372863246027,-0.2083980576624837,0.0,1.0,0.0,0.0,1.0,0.0,0.0,0.0,0.0,0.0,0.0,0.0,0.0,1.0,0.0,0.0,1.0,0.0,0.0,0
0.8197343206583761,2.653207110939972,-0.47468233284409056,-0.44866450431162286,-0.554003522838543,-0.558800046825462,0.7782480986759835,-0.32518163629520136,0.0,1.0,0.0,1.0,0.0,0.0,0.0,0.0,0.0,0.0,0.0,0.0,0.0,1.0,0.0,0.0,1.0,0.0,0.0,0
0.8197343206583761,-0.2712922409885467,0.5629565912326407,-0.44866450431162286,-0.24683245528373804,0.11068539389042806,-1.2849372863246027,-0.26722194621978357,0.0,1.0,0.0,0.0,1.0,0.0,0.0,0.0,0.0,0.0,0.0,0.0,0.0,1.0,0.0,0.0,1.0,0.0,0.0,0
0.8197343206583761,-0.5712408924683948,-0.47468233284409056,-0.44866450431162286,-0.554003522838543,-0.558800046825462,0.7782480986759835,-0.32518163629520136,1.0,0.0,0.0,1.0,0.0,0.0,0.0,0.0,0.0,0.0,0.0,0.0,0.0,1.0,0.0,1.0,0.0,0.0,0.0,1
-0.3847337967240967,-0.8711895439482429,-0.47468233284409056,-0.44866450431162286,-0.4597152532296864,-0.558800046825462,0.7782480986759835,-0.2278619874346033,0.0,1.0,0.0,0.0,1.0,0.0,0.0,0.0,0.0,0.0,0.0,0.0,0.0,1.0,0.0,0.0,1.0,0.0,0.0,0
-1.5892019141065694,1.8283483193703898,-0.47468233284409056,0.740773734778339,1.1944152899416884,0.11068539389042806,-1.2849372863246027,0.4765700709013586,0.0,1.0,0.0,0.0,1.0,0.0,0.0,0.0,1.0,0.0,0.0,0.0,0.0,0.0,0.0,0.0,1.0,0.0,0.0,0
0.8197343206583761,-0.2712922409885467,-0.47468233284409056,-0.44866450431162286,-0.5670982777218211,-0.558800046825462,0.7782480986759835,-0.33869738912896125,0.0,1.0,1.0,0.0,0.0,0.0,0.0,0.0,0.0,0.0,0.0,0.0,0.0,1.0,0.0,0.0,1.0,0.0,0.0,0
-1.5892019141065694,1.3034381792806558,-0.47468233284409056,-0.44866450431162286,0.5585980585459652,-0.558800046825462,0.7782480986759835,0.8231902202598553,0.0,1.0,0.0,0.0,1.0,0.0,0.0,1.0,0.0,0.0,0.0,0.0,0.0,0.0,0.0,0.0,1.0,0.0,0.0,0
-0.3847337967240967,-0.6462280553383568,1.600595515309372,-0.44866450431162286,1.0991841376367433,0.7801708346063182,-1.2849372863246027,0.10951279528213649,0.0,1.0,0.0,0.0,1.0,0.0,0.0,0.0,0.0,0.0,0.0,0.0,0.0,1.0,0.0,0.0,1.0,0.0,0.0,0
-0.3847337967240967,-0.04633075237866064,-0.47468233284409056,-0.44866450431162286,-0.48485879179204816,-0.558800046825462,0.7782480986759835,-0.25381389379742947,0.0,1.0,0.0,0.0,1.0,0.0,0.0,0.0,0.0,0.0,0.0,0.0,0.0,1.0,0.0,0.0,1.0,0.0,0.0,0
0.8197343206583761,0.7035408763209595,-0.47468233284409056,-0.44866450431162286,-0.14164949041581007,-0.558800046825462,0.7782480986759835,0.1004296280551473,0.0,1.0,0.0,0.0,1.0,0.0,0.0,0.0,0.0,0.0,0.0,0.0,0.0,1.0,0.0,0.0,1.0,0.0,0.0,0
0.8197343206583761,0.7035408763209595,-0.47468233284409056,5.498526691138187,-0.01656038606806022,2.7886271567539884,-1.2849372863246027,-0.40033403180421867,1.0,0.0,0.0,1.0,0.0,0.0,0.0,0.0,0.0,0.0,0.0,0.0,0.0,1.0,0.0,0.0,0.0,1.0,0.0,0
0.8197343206583761,0.4785793877110735,0.5629565912326407,-0.44866450431162286,-0.3578839220521212,0.11068539389042806,-1.2849372863246027,-0.3245328386361307,0.0,1.0,0.0,0.0,1.0,0.0,0.0,0.0,0.0,0.0,0.0,0.0,0.0,1.0,0.0,0.0,1.0,0.0,0.0,0
0.8197343206583761,-1.0211638696881669,-0.47468233284409056,-0.44866450431162286,-0.5464604612698345,-0.558800046825462,0.7782480986759835,-0.3173960643863535,0.0,1.0,0.0,0.0,1.0,0.0,0.0,0.0,0.0,0.0,0.0,0.0,0.0,1.0,0.0,0.0,1.0,0.0,0.0,1
0.8197343206583761,-0.2712922409885467,-0.47468233284409056,-0.44866450431162286,-0.5310600439003879,-0.558800046825462,0.7782480986759835,-0.3015005217391225,0.0,1.0,0.0,0.0,1.0,0.0,0.0,0.0,0.0,0.0,0.0,0.0,0.0,1.0,0.0,0.0,1.0,0.0,0.0,0
0.8197343206583761,1.3034381792806558,0.5629565912326407,-0.44866450431162286,-0.3842846375426011,0.11068539389042806,-1.2849372863246027,-0.3381575894766144,1.0,0.0,0.0,0.0,1.0,0.0,0.0,0.0,0.0,0.0,0.0,0.0,0.0,1.0,0.0,0.0,0.0,1.0,0.0,0
-1.5892019141065694,0.6285537134509975,-0.47468233284409056,-0.44866450431162286,1.2626171382920948,-0.558800046825462,0.7782480986759835,1.5498435984189873,1.0,0.0,0.0,0.0,1.0,0.0,1.0,0.0,0.0,0.0,0.0,0.0,0.0,0.0,0.0,1.0,0.0,0.0,0.0,1
0.8197343206583761,0.4785793877110735,-0.47468233284409056,-0.44866450431162286,-0.7488659466968468,-0.558800046825462,0.7782480986759835,-0.5263089106071039,0.0,1.0,0.0,0.0,1.0,0.0,0.0,0.0,0.0,0.0,0.0,0.0,0.0,1.0,0.0,0.0,1.0,0.0,0.0,0
0.8197343206583761,-0.1963050781185847,-0.47468233284409056,1.9302119738683008,-0.4689353888205045,0.7801708346063182,-1.2849372863246027,-0.4299987909040199,1.0,0.0,0.0,0.0,1.0,0.0,0.0,0.0,0.0,0.0,0.0,0.0,0.0,1.0,0.0,0.0,0.0,1.0,0.0,1
0.8197343206583761,-0.2712922409885467,-0.47468233284409056,-0.44866450431162286,-0.5543178170705726,-0.558800046825462,0.7782480986759835,-0.32550603512473664,0.0,1.0,0.0,1.0,0.0,0.0,0.0,0.0,0.0,0.0,0.0,0.0,0.0,1.0,0.0,0.0,1.0,0.0,0.0,0
-0.3847337967240967,0.32860506197114947,-0.47468233284409056,-0.44866450431162286,-0.42199994538614377,-0.558800046825462,0.7782480986759835,-0.1889341278903641,0.0,1.0,0.0,0.0,1.0,0.0,0.0,0.0,0.0,0.0,0.0,0.0,0.0,1.0,0.0,0.0,1.0,0.0,0.0,0
0.8197343206583761,0.1036435733612634,-0.47468233284409056,-0.44866450431162286,-0.553374934374484,-0.558800046825462,0.7782480986759835,-0.3245328386361307,0.0,1.0,0.0,0.0,1.0,0.0,0.0,0.0,0.0,0.0,0.0,0.0,0.0,1.0,0.0,0.0,1.0,0.0,0.0,0
0.8197343206583761,-1.621061172647863,2.6382344393861037,0.740773734778339,-0.2189658714950725,2.1191417160380985,-1.2849372863246027,-0.41692162528779175,1.0,0.0,0.0,0.0,1.0,0.0,0.0,0.0,0.0,0.0,0.0,0.0,0.0,1.0,0.0,1.0,0.0,0.0,0.0,0
-1.5892019141065694,1.9783226451103137,-0.47468233284409056,-0.44866450431162286,-0.08130499786614176,-0.558800046825462,0.7782480986759835,0.1627142033259301,0.0,1.0,0.0,0.0,1.0,0.0,0.0,0.0,0.0,0.0,0.0,0.0,0.0,1.0,0.0,0.0,1.0,0.0,0.0,0
-0.3847337967240967,-0.42126656672847074,1.600595515309372,0.740773734778339,-0.06999040551307899,1.4496562753222082,-1.2849372863246027,-0.3511335426580275,1.0,0.0,0.0,0.0,1.0,0.0,0.0,0.0,0.0,0.0,0.0,0.0,0.0,1.0,0.0,0.0,0.0,1.0,0.0,1
-1.5892019141065694,-0.4962537295984327,0.5629565912326407,-0.44866450431162286,2.0992683839546826,0.11068539389042806,-1.2849372863246027,0.9435421860174616,1.0,0.0,1.0,0.0,0.0,0.0,0.0,0.0,1.0,0.0,0.0,0.0,0.0,0.0,0.0,1.0,0.0,0.0,0.0,1
-0.3847337967240967,0.028656410491301375,-0.47468233284409056,-0.44866450431162286,-0.42199994538614377,-0.558800046825462,0.7782480986759835,-0.1889341278903641,1.0,0.0,0.0,0.0,1.0,0.0,0.0,0.0,0.0,0.0,0.0,0.0,0.0,1.0,0.0,1.0,0.0,0.0,0.0,1
-1.5892019141065694,1.3784253421506176,-0.47468233284409056,-0.44866450431162286,-0.08130499786614176,-0.558800046825462,0.7782480986759835,0.1627142033259301,0.0,1.0,0.0,0.0,1.0,0.0,0.0,0.0,0.0,1.0,0.0,0.0,0.0,0.0,0.0,0.0,1.0,0.0,0.0,1
0.8197343206583761,-0.2712922409885467,1.600595515309372,-0.44866450431162286,-0.1642786751219356,0.7801708346063182,-1.2849372863246027,-0.32518163629520136,0.0,1.0,0.0,1.0,0.0,0.0,0.0,0.0,0.0,0.0,0.0,0.0,0.0,1.0,0.0,0.0,1.0,0.0,0.0,1
0.8197343206583761,1.6033868307605037,-0.47468233284409056,-0.44866450431162286,-0.5464604612698345,-0.558800046825462,0.7782480986759835,-0.3173960643863535,0.0,1.0,0.0,0.0,1.0,0.0,0.0,0.0,0.0,0.0,0.0,0.0,0.0,1.0,0.0,0.0,1.0,0.0,0.0,0
0.8197343206583761,-1.13364461399311,0.5629565912326407,-0.44866450431162286,-0.38543621160875724,0.11068539389042806,-1.2849372863246027,-0.3387518881323231,1.0,0.0,1.0,0.0,0.0,0.0,0.0,0.0,0.0,0.0,0.0,0.0,0.0,1.0,0.0,1.0,0.0,0.0,0.0,0
0.8197343206583761,-0.2712922409885467,-0.47468233284409056,-0.44866450431162286,-0.5716039998321962,-0.558800046825462,0.7782480986759835,-0.3433479707491796,0.0,1.0,0.0,0.0,1.0,0.0,0.0,0.0,0.0,0.0,0.0,0.0,0.0,1.0,0.0,0.0,1.0,0.0,0.0,0
-1.5892019141065694,0.9285023649308456,-0.47468233284409056,-0.44866450431162286,-0.08130499786614176,-0.558800046825462,0.7782480986759835,0.1627142033259301,0.0,1.0,0.0,0.0,1.0,0.0,0.0,1.0,0.0,0.0,0.0,0.0,0.0,0.0,0.0,0.0,1.0,0.0,0.0,0
-0.3847337967240967,0.9285023649308456,0.5629565912326407,-0.44866450431162286,-0.06999040551307899,0.11068539389042806,-1.2849372863246027,-0.17595817470895103,0.0,1.0,0.0,0.0,1.0,0.0,0.0,0.0,0.0,0.0,0.0,0.0,0.0,1.0,0.0,0.0,1.0,0.0,0.0,0
0.8197343206583761,0.028656410491301375,-0.47468233284409056,-0.44866450431162286,-0.5503375949161506,-0.558800046825462,0.7782480986759835,-0.32139784834750124,0.0,1.0,0.0,0.0,1.0,0.0,0.0,0.0,0.0,0.0,0.0,0.0,0.0,1.0,0.0,0.0,1.0,0.0,0.0,0
0.8197343206583761,-1.9210098241277112,3.675873363462835,0.740773734778339,-0.01656038606806022,2.7886271567539884,-1.2849372863246027,-0.40033403180421867,0.0,1.0,0.0,1.0,0.0,0.0,0.0,0.0,0.0,0.0,0.0,0.0,0.0,1.0,1.0,0.0,0.0,0.0,0.0,0
-0.3847337967240967,1.6033868307605037,-0.47468233284409056,-0.44866450431162286,-0.43394312620326564,-0.558800046825462,0.7782480986759835,-0.20126128341270652,0.0,1.0,0.0,0.0,1.0,0.0,0.0,0.0,0.0,0.0,0.0,0.0,0.0,1.0,0.0,0.0,0.0,0.0,1.0,0
-0.3847337967240967,0.028656410491301375,-0.47468233284409056,-0.44866450431162286,-0.7488659466968468,-0.558800046825462,0.7782480986759835,-0.5263089106071039,0.0,1.0,0.0,0.0,1.0,0.0,0.0,0.0,0.0,0.0,0.0,0.0,0.0,1.0,0.0,0.0,1.0,0.0,0.0,0
0.8197343206583761,-0.7212152182083188,-0.47468233284409056,-0.44866450431162286,-0.6479774982153702,-0.558800046825462,0.7782480986759835,-0.42217688632626404,0.0,1.0,1.0,0.0,0.0,0.0,0.0,0.0,0.0,0.0,0.0,0.0,0.0,1.0,0.0,0.0,1.0,0.0,0.0,0
-1.5892019141065694,0.9285023649308456,-0.47468233284409056,-0.44866450431162286,0.022935084305697608,-0.558800046825462,0.7782480986759835,0.27030561672493464,0.0,1.0,1.0,0.0,0.0,0.0,0.0,0.0,0.0,0.0,0.0,0.0,0.0,1.0,0.0,0.0,1.0,0.0,0.0,0
0.8197343206583761,-0.2712922409885467,-0.47468233284409056,-0.44866450431162286,-0.5298028669722699,-0.558800046825462,0.7782480986759835,-0.3002029264209812,0.0,1.0,1.0,0.0,0.0,0.0,0.0,0.0,0.0,0.0,0.0,0.0,0.0,1.0,0.0,0.0,1.0,0.0,0.0,0
-0.3847337967240967,0.7785280391909215,-0.47468233284409056,-0.44866450431162286,-0.3528552143396489,-0.558800046825462,0.7782480986759835,-0.11756638539259223,1.0,0.0,0.0,0.0,1.0,0.0,0.0,0.0,0.0,0.0,0.0,0.0,0.0,1.0,0.0,0.0,0.0,1.0,0.0,1
0.8197343206583761,0.40359222484111146,-0.47468233284409056,-0.44866450431162286,-0.5697182344400191,-0.558800046825462,0.7782480986759835,-0.34140157777196767,0.0,1.0,0.0,0.0,1.0,0.0,0.0,0.0,0.0,0.0,0.0,0.0,0.0,1.0,0.0,0.0,1.0,0.0,0.0,0
-1.5892019141065694,0.40359222484111146,0.5629565912326407,-0.44866450431162286,1.491528942071549,0.11068539389042806,-1.2849372863246027,0.6299030168601626,1.0,0.0,1.0,0.0,0.0,0.0,0.0,1.0,0.0,0.0,0.0,0.0,0.0,0.0,0.0,0.0,0.0,1.0,0.0,1
0.8197343206583761,-0.6462280553383568,-0.47468233284409056,-0.44866450431162286,-0.551383566120345,-0.558800046825462,0.7782480986759835,-0.3224774476521949,0.0,1.0,0.0,0.0,1.0,0.0,0.0,0.0,0.0,0.0,0.0,0.0,0.0,1.0,0.0,0.0,1.0,0.0,0.0,0
-1.5892019141065694,1.3784253421506176,0.5629565912326407,-0.44866450431162286,1.1803776523623222,0.11068539389042806,-1.2849372863246027,0.46932559624017584,0.0,1.0,1.0,0.0,0.0,0.0,0.0,0.0,1.0,0.0,0.0,0.0,0.0,0.0,0.0,0.0,1.0,0.0,0.0,1
0.8197343206583761,-0.2712922409885467,0.5629565912326407,-0.44866450431162286,-0.38543621160875724,0.11068539389042806,-1.2849372863246027,-0.3387518881323231,0.0,1.0,1.0,0.0,0.0,0.0,0.0,0.0,0.0,0.0,0.0,0.0,0.0,1.0,0.0,0.0,1.0,0.0,0.0,0
0.8197343206583761,1.1534638535407316,-0.47468233284409056,0.740773734778339,-0.38543621160875724,0.11068539389042806,-1.2849372863246027,-0.3387518881323231,1.0,0.0,1.0,0.0,0.0,0.0,0.0,0.0,0.0,0.0,0.0,0.0,0.0,1.0,0.0,0.0,0.0,1.0,0.0,0
0.8197343206583761,0.2536178991011874,0.5629565912326407,0.740773734778339,-0.23279481770437147,0.7801708346063182,-1.2849372863246027,-0.3487546179081018,0.0,1.0,0.0,0.0,1.0,0.0,0.0,0.0,0.0,0.0,0.0,0.0,0.0,1.0,0.0,0.0,1.0,0.0,0.0,0
-0.3847337967240967,-0.42126656672847074,0.5629565912326407,-0.44866450431162286,-0.09513394407544075,0.11068539389042806,-1.2849372863246027,-0.1889341278903641,1.0,0.0,0.0,0.0,1.0,0.0,0.0,0.0,0.0,0.0,0.0,0.0,0.0,1.0,0.0,0.0,0.0,1.0,0.0,1
0.8197343206583761,-0.04633075237866064,-0.47468233284409056,-0.44866450431162286,-0.5100023303544099,-0.558800046825462,0.7782480986759835,-0.2797658001602556,0.0,1.0,0.0,0.0,1.0,0.0,0.0,0.0,0.0,0.0,0.0,0.0,0.0,1.0,0.0,0.0,1.0,0.0,0.0,1
0.8197343206583761,-0.2712922409885467,0.5629565912326407,-0.44866450431162286,-0.34405497584282224,0.11068539389042806,-1.2849372863246027,-0.3173960643863535,1.0,0.0,0.0,0.0,1.0,0.0,0.0,0.0,0.0,0.0,0.0,0.0,0.0,1.0,0.0,0.0,0.0,1.0,0.0,0
0.8197343206583761,0.028656410491301375,-0.47468233284409056,-0.44866450431162286,-0.43520030313138364,-0.558800046825462,0.7782480986759835,-0.20255887873084785,1.0,0.0,0.0,0.0,1.0,0.0,0.0,0.0,0.0,0.0,0.0,0.0,0.0,1.0,0.0,1.0,0.0,0.0,0.0,1
-0.3847337967240967,0.1036435733612634,-0.47468233284409056,-0.44866450431162286,-0.42199994538614377,-0.558800046825462,0.7782480986759835,-0.1889341278903641,0.0,1.0,0.0,0.0,1.0,0.0,0.0,0.0,0.0,0.0,0.0,0.0,0.0,1.0,0.0,0.0,1.0,0.0,0.0,1
0.8197343206583761,0.7035408763209595,0.5629565912326407,5.498526691138187,0.037498221841017546,3.4581125974698788,-1.2849372863246027,-0.41035950039319147,0.0,1.0,0.0,0.0,1.0,0.0,0.0,0.0,0.0,0.0,0.0,0.0,0.0,1.0,0.0,0.0,1.0,0.0,0.0,0
0.8197343206583761,-0.12131791524862266,-0.47468233284409056,-0.44866450431162286,-0.5100023303544099,-0.558800046825462,0.7782480986759835,-0.2797658001602556,0.0,1.0,0.0,0.0,1.0,0.0,0.0,0.0,0.0,0.0,0.0,0.0,0.0,1.0,0.0,0.0,1.0,0.0,0.0,0
-1.5892019141065694,0.5535665505810355,-0.47468233284409056,0.740773734778339,-0.0021028513947022216,0.11068539389042806,-1.2849372863246027,-0.14092310111913575,0.0,1.0,1.0,0.0,0.0,0.0,0.0,1.0,0.0,0.0,0.0,0.0,0.0,0.0,0.0,0.0,1.0,0.0,0.0,0
0.8197343206583761,-0.2712922409885467,-0.47468233284409056,-0.44866450431162286,-0.5665752921197239,-0.558800046825462,0.7782480986759835,-0.3381575894766144,0.0,1.0,0.0,0.0,1.0,0.0,0.0,0.0,0.0,0.0,0.0,0.0,0.0,1.0,0.0,0.0,1.0,0.0,0.0,0
0.8197343206583761,-1.9210098241277112,3.675873363462835,1.9302119738683008,0.037498221841017546,3.4581125974698788,-1.2849372863246027,-0.41035950039319147,0.0,1.0,0.0,0.0,1.0,0.0,0.0,0.0,0.0,0.0,0.0,0.0,0.0,1.0,1.0,0.0,0.0,0.0,0.0,0
-0.3847337967240967,1.8283483193703898,0.5629565912326407,3.119650212958262,-0.17056455976252605,2.1191417160380985,-1.2849372863246027,-0.4069301413381037,1.0,0.0,0.0,0.0,1.0,0.0,0.0,0.0,0.0,0.0,0.0,0.0,0.0,1.0,0.0,0.0,0.0,1.0,0.0,1
0.8197343206583761,0.6285537134509975,-0.47468233284409056,-0.44866450431162286,-0.5716039998321962,-0.558800046825462,0.7782480986759835,-0.3433479707491796,0.0,1.0,0.0,0.0,1.0,0.0,0.0,0.0,0.0,0.0,0.0,0.0,0.0,1.0,0.0,0.0,1.0,0.0,0.0,0
0.8197343206583761,-0.3462794038585087,-0.47468233284409056,-0.44866450431162286,-0.5716039998321962,-0.558800046825462,0.7782480986759835,-0.3433479707491796,0.0,1.0,0.0,0.0,1.0,0.0,0.0,0.0,0.0,0.0,0.0,0.0,0.0,1.0,0.0,0.0,1.0,0.0,0.0,0
0.8197343206583761,-1.9210098241277112,0.5629565912326407,0.740773734778339,-0.3289688527054052,0.7801708346063182,-1.2849372863246027,-0.3818432985207051,1.0,0.0,0.0,0.0,1.0,0.0,0.0,0.0,0.0,0.0,0.0,1.0,0.0,0.0,0.0,1.0,0.0,0.0,0.0,1
-1.5892019141065694,1.8283483193703898,-0.47468233284409056,-0.44866450431162286,0.5551408219936405,-0.558800046825462,0.7782480986759835,0.8196218331349666,0.0,1.0,0.0,0.0,1.0,0.0,0.0,0.0,0.0,1.0,0.0,0.0,0.0,0.0,0.0,0.0,1.0,0.0,0.0,0
0.8197343206583761,-0.12131791524862266,-0.47468233284409056,-0.44866450431162286,-0.5503375949161506,-0.558800046825462,0.7782480986759835,-0.32139784834750124,0.0,1.0,0.0,0.0,1.0,0.0,0.0,0.0,0.0,0.0,0.0,0.0,0.0,1.0,0.0,0.0,1.0,0.0,0.0,0
-1.5892019141065694,0.4785793877110735,-0.47468233284409056,1.9302119738683008,1.036325291230839,0.7801708346063182,-1.2849372863246027,0.08788620664644807,1.0,0.0,0.0,0.0,1.0,0.0,1.0,0.0,0.0,0.0,0.0,0.0,0.0,0.0,0.0,1.0,0.0,0.0,0.0,1
0.8197343206583761,-1.1711381954280908,-0.47468233284409056,-0.44866450431162286,-0.551383566120345,-0.558800046825462,0.7782480986759835,-0.3224774476521949,1.0,0.0,0.0,0.0,1.0,0.0,0.0,0.0,0.0,0.0,0.0,0.0,0.0,1.0,0.0,1.0,0.0,0.0,0.0,0
-1.5892019141065694,3.778014553989402,-0.47468233284409056,-0.44866450431162286,0.005440210174006327,-0.558800046825462,0.7782480986759835,0.25224828027768026,0.0,1.0,0.0,0.0,1.0,1.0,0.0,0.0,0.0,0.0,0.0,0.0,0.0,0.0,0.0,0.0,1.0,0.0,0.0,1
0.8197343206583761,-0.2712922409885467,-0.47468233284409056,-0.44866450431162286,-0.3842846375426011,-0.558800046825462,0.7782480986759835,-0.1500062683461249,0.0,1.0,0.0,0.0,1.0,0.0,0.0,0.0,0.0,0.0,0.0,0.0,0.0,1.0,0.0,0.0,1.0,0.0,0.0,0
0.8197343206583761,-0.42126656672847074,-0.47468233284409056,-0.44866450431162286,-0.5603950103410954,-0.558800046825462,0.7782480986759835,-0.3317786108926318,0.0,1.0,0.0,0.0,1.0,0.0,0.0,0.0,0.0,0.0,0.0,0.0,0.0,1.0,0.0,0.0,1.0,0.0,0.0,0
0.8197343206583761,-0.6462280553383568,-0.47468233284409056,-0.44866450431162286,-0.553374934374484,-0.558800046825462,0.7782480986759835,-0.3245328386361307,0.0,1.0,0.0,0.0,1.0,0.0,0.0,0.0,0.0,0.0,0.0,0.0,0.0,1.0,0.0,0.0,1.0,0.0,0.0,0
-1.5892019141065694,1.6783739936304658,0.5629565912326407,0.740773734778339,1.2538168997952683,0.7801708346063182,-1.2849372863246027,0.1627142033259301,0.0,1.0,0.0,0.0,1.0,0.0,0.0,0.0,0.0,1.0,0.0,0.0,0.0,0.0,0.0,0.0,1.0,0.0,0.0,0
0.8197343206583761,-0.2712922409885467,-0.47468233284409056,-0.44866450431162286,-0.553374934374484,-0.558800046825462,0.7782480986759835,-0.3245328386361307,0.0,1.0,0.0,0.0,1.0,0.0,0.0,0.0,0.0,0.0,0.0,0.0,0.0,1.0,0.0,0.0,1.0,0.0,0.0,1
-1.5892019141065694,0.4785793877110735,-0.47468233284409056,-0.44866450431162286,-0.08539082288252559,-0.558800046825462,0.7782480986759835,0.1584970185419708,0.0,1.0,0.0,0.0,1.0,0.0,0.0,0.0,0.0,1.0,0.0,0.0,0.0,0.0,0.0,0.0,1.0,0.0,0.0,1
0.8197343206583761,-0.2712922409885467,-0.47468233284409056,-0.44866450431162286,-0.5665752921197239,-0.558800046825462,0.7782480986759835,-0.3381575894766144,0.0,1.0,0.0,0.0,1.0,0.0,0.0,0.0,0.0,0.0,0.0,0.0,0.0,1.0,0.0,0.0,1.0,0.0,0.0,0
0.8197343206583761,-0.5712408924683948,-0.47468233284409056,-0.44866450431162286,-0.5464604612698345,-0.558800046825462,0.7782480986759835,-0.3173960643863535,0.0,1.0,0.0,0.0,1.0,0.0,0.0,0.0,0.0,0.0,0.0,0.0,0.0,1.0,0.0,0.0,1.0,0.0,0.0,0
-1.5892019141065694,2.353258459460124,-0.47468233284409056,-0.44866450431162286,0.09344259514227252,-0.558800046825462,0.7782480986759835,0.34307995254757173,0.0,1.0,0.0,0.0,1.0,0.0,1.0,0.0,0.0,0.0,0.0,0.0,0.0,0.0,0.0,0.0,1.0,0.0,0.0,0
0.8197343206583761,-0.2712922409885467,-0.47468233284409056,-0.44866450431162286,-0.5464604612698345,-0.558800046825462,0.7782480986759835,-0.3173960643863535,0.0,1.0,0.0,0.0,1.0,0.0,0.0,0.0,0.0,0.0,0.0,0.0,0.0,1.0,0.0,0.0,1.0,0.0,0.0,0
0.8197343206583761,-0.2712922409885467,-0.47468233284409056,-0.44866450431162286,-0.5464604612698345,-0.558800046825462,0.7782480986759835,-0.3173960643863535,0.0,1.0,0.0,0.0,1.0,0.0,0.0,0.0,0.0,0.0,0.0,0.0,0.0,1.0,0.0,0.0,1.0,0.0,0.0,0
-1.5892019141065694,-0.6462280553383568,-0.47468233284409056,-0.44866450431162286,1.2112815756093207,-0.558800046825462,0.7782480986759835,1.496857591198005,1.0,0.0,0.0,0.0,1.0,0.0,0.0,0.0,1.0,0.0,0.0,0.0,0.0,0.0,0.0,1.0,0.0,0.0,0.0,1
0.8197343206583761,-0.12131791524862266,-0.47468233284409056,-0.44866450431162286,-0.18250774057964794,-0.558800046825462,0.7782480986759835,0.058257780215554826,0.0,1.0,0.0,0.0,1.0,0.0,0.0,0.0,0.0,0.0,0.0,0.0,0.0,1.0,0.0,0.0,1.0,0.0,0.0,0
0.8197343206583761,1.0784766906707697,-0.47468233284409056,-0.44866450431162286,-0.5464604612698345,-0.558800046825462,0.7782480986759835,-0.3173960643863535,0.0,1.0,0.0,0.0,1.0,0.0,0.0,0.0,0.0,0.0,0.0,0.0,0.0,1.0,0.0,0.0,1.0,0.0,0.0,0
0.8197343206583761,0.8535152020608836,-0.47468233284409056,-0.44866450431162286,-0.5697182344400191,-0.558800046825462,0.7782480986759835,-0.34140157777196767,0.0,1.0,0.0,0.0,1.0,0.0,0.0,0.0,0.0,0.0,0.0,0.0,0.0,1.0,0.0,0.0,1.0,0.0,0.0,0
0.8197343206583761,-0.08382433381364165,-0.47468233284409056,-0.44866450431162286,-0.5670982777218211,-0.558800046825462,0.7782480986759835,-0.33869738912896125,0.0,1.0,1.0,0.0,0.0,0.0,0.0,0.0,0.0,0.0,0.0,0.0,0.0,1.0,0.0,0.0,1.0,0.0,0.0,0
0.8197343206583761,-0.2712922409885467,-0.47468233284409056,-0.44866450431162286,-0.5503375949161506,-0.558800046825462,0.7782480986759835,-0.32139784834750124,0.0,1.0,1.0,0.0,0.0,0.0,0.0,0.0,0.0,0.0,0.0,0.0,0.0,1.0,0.0,0.0,1.0,0.0,0.0,0
-0.3847337967240967,-0.6462280553383568,0.5629565912326407,-0.44866450431162286,-0.4597152532296864,0.11068539389042806,-1.2849372863246027,-0.3770854490208536,0.0,1.0,0.0,0.0,1.0,0.0,0.0,0.0,0.0,0.0,0.0,0.0,0.0,1.0,0.0,0.0,1.0,0.0,0.0,0
0.8197343206583761,0.2536178991011874,2.6382344393861037,-0.44866450431162286,-0.35034086048341273,1.4496562753222082,-1.2849372863246027,-0.4234744816444054,1.0,0.0,0.0,0.0,1.0,0.0,0.0,0.0,0.0,0.0,0.0,0.0,0.0,1.0,0.0,0.0,0.0,1.0,0.0,1
-0.3847337967240967,0.4785793877110735,-0.47468233284409056,-0.44866450431162286,-0.48485879179204816,-0.558800046825462,0.7782480986759835,-0.25381389379742947,0.0,1.0,0.0,0.0,1.0,0.0,0.0,0.0,0.0,0.0,0.0,0.0,0.0,1.0,0.0,0.0,1.0,0.0,0.0,0
-1.5892019141065694,0.8535152020608836,-0.47468233284409056,-0.44866450431162286,2.632939989940811,-0.558800046825462,0.7782480986759835,2.964222495193012,1.0,0.0,1.0,0.0,0.0,0.0,0.0,0.0,0.0,1.0,0.0,0.0,0.0,0.0,0.0,1.0,0.0,0.0,0.0,1
0.8197343206583761,0.8160216206259026,-0.47468233284409056,-0.44866450431162286,-0.554003522838543,-0.558800046825462,0.7782480986759835,-0.32518163629520136,0.0,1.0,0.0,1.0,0.0,0.0,0.0,0.0,0.0,0.0,0.0,0.0,0.0,1.0,0.0,0.0,1.0,0.0,0.0,0
0.8197343206583761,-1.9210098241277112,2.6382344393861037,1.9302119738683008,-0.04736122080695342,2.7886271567539884,-1.2849372863246027,-0.4056325460199624,0.0,1.0,0.0,0.0,1.0,0.0,0.0,0.0,0.0,0.0,0.0,0.0,0.0,1.0,1.0,0.0,0.0,0.0,0.0,0
-0.3847337967240967,-0.12131791524862266,-0.47468233284409056,-0.44866450431162286,-0.42199994538614377,-0.558800046825462,0.7782480986759835,-0.1889341278903641,1.0,0.0,0.0,0.0,1.0,0.0,0.0,0.0,0.0,0.0,0.0,0.0,0.0,1.0,0.0,1.0,0.0,0.0,0.0,1
0.8197343206583761,-0.7962023810782808,-0.47468233284409056,-0.44866450431162286,-0.5464604612698345,-0.558800046825462,0.7782480986759835,-0.3173960643863535,0.0,1.0,0.0,0.0,1.0,0.0,0.0,0.0,0.0,0.0,0.0,0.0,0.0,1.0,0.0,0.0,1.0,0.0,0.0,0
-1.5892019141065694,0.9285023649308456,-0.47468233284409056,-0.44866450431162286,0.3172200883472922,-0.558800046825462,0.7782480986759835,0.5740519191767244,0.0,1.0,0.0,0.0,1.0,0.0,0.0,0.0,0.0,0.0,0.0,0.0,0.0,1.0,0.0,0.0,1.0,0.0,0.0,0
0.8197343206583761,-0.2712922409885467,-0.47468233284409056,-0.44866450431162286,-0.5544234199325345,-0.558800046825462,0.7782480986759835,-0.32561503313146056,0.0,1.0,0.0,1.0,0.0,0.0,0.0,0.0,0.0,0.0,0.0,0.0,0.0,1.0,0.0,0.0,1.0,0.0,0.0,0
0.8197343206583761,-0.2712922409885467,-0.47468233284409056,-0.44866450431162286,-0.5464604612698345,-0.558800046825462,0.7782480986759835,-0.3173960643863535,0.0,1.0,0.0,0.0,1.0,0.0,0.0,0.0,0.0,0.0,0.0,0.0,0.0,1.0,0.0,0.0,1.0,0.0,0.0,0
-1.5892019141065694,1.0784766906707697,-0.47468233284409056,-0.44866450431162286,-0.0518669429173286,-0.558800046825462,0.7782480986759835,0.19309869529552692,1.0,0.0,1.0,0.0,0.0,0.0,1.0,0.0,0.0,0.0,0.0,0.0,0.0,0.0,0.0,0.0,0.0,1.0,0.0,1
0.8197343206583761,-0.5712408924683948,-0.47468233284409056,-0.44866450431162286,-0.5507549776562859,-0.558800046825462,0.7782480986759835,-0.32182864999312416,1.0,0.0,0.0,1.0,0.0,0.0,0.0,0.0,0.0,0.0,0.0,0.0,0.0,1.0,0.0,1.0,0.0,0.0,0.0,1
-1.5892019141065694,-0.8711895439482429,0.5629565912326407,-0.44866450431162286,4.971917664704515,0.11068539389042806,-1.2849372863246027,2.426044836993905,1.0,0.0,1.0,0.0,0.0,0.0,0.0,1.0,0.0,0.0,0.0,0.0,0.0,0.0,0.0,0.0,0.0,1.0,0.0,1
0.8197343206583761,-1.846022661257749,1.600595515309372,0.740773734778339,-0.26464413800131514,1.4496562753222082,-1.2849372863246027,-0.40136151103030027,1.0,0.0,1.0,0.0,0.0,0.0,0.0,0.0,0.0,0.0,0.0,0.0,0.0,1.0,0.0,1.0,0.0,0.0,0.0,1
-0.3847337967240967,-0.7962023810782808,0.5629565912326407,-0.44866450431162286,-0.09513394407544075,0.11068539389042806,-1.2849372863246027,-0.1889341278903641,1.0,0.0,0.0,0.0,1.0,0.0,0.0,0.0,0.0,0.0,0.0,0.0,0.0,1.0,0.0,0.0,0.0,1.0,0.0,1
0.8197343206583761,-0.9461767068182049,-0.47468233284409056,-0.44866450431162286,-0.5310600439003879,-0.558800046825462,0.7782480986759835,-0.3015005217391225,0.0,1.0,0.0,0.0,1.0,0.0,0.0,0.0,0.0,0.0,0.0,0.0,0.0,1.0,0.0,0.0,1.0,0.0,0.0,0
-1.5892019141065694,2.1282969708502377,-0.47468233284409056,0.740773734778339,3.1097243399295964,0.11068539389042806,-1.2849372863246027,1.4650133044954994,1.0,0.0,0.0,0.0,1.0,0.0,0.0,1.0,0.0,0.0,0.0,0.0,0.0,0.0,0.0,0.0,0.0,1.0,0.0,1
0.8197343206583761,-0.5712408924683948,-0.47468233284409056,-0.44866450431162286,-0.554003522838543,-0.558800046825462,0.7782480986759835,-0.32518163629520136,1.0,0.0,0.0,0.0,1.0,0.0,0.0,0.0,0.0,0.0,0.0,0.0,0.0,1.0,0.0,1.0,0.0,0.0,0.0,1
0.8197343206583761,-0.6462280553383568,-0.47468233284409056,-0.44866450431162286,-0.5464604612698345,-0.558800046825462,0.7782480986759835,-0.3173960643863535,0.0,1.0,0.0,0.0,1.0,0.0,0.0,0.0,0.0,0.0,0.0,0.0,0.0,1.0,0.0,0.0,1.0,0.0,0.0,0
-1.5892019141065694,0.1036435733612634,-0.47468233284409056,-0.44866450431162286,0.5207771478404607,-0.558800046825462,0.7782480986759835,0.7841533627088922,0.0,1.0,0.0,0.0,1.0,1.0,0.0,0.0,0.0,0.0,0.0,0.0,0.0,0.0,0.0,0.0,1.0,0.0,0.0,0
0.8197343206583761,-0.2712922409885467,-0.47468233284409056,-0.44866450431162286,-0.5672038805837829,-0.558800046825462,0.7782480986759835,-0.33880638713568506,0.0,1.0,1.0,0.0,0.0,0.0,0.0,0.0,0.0,0.0,0.0,0.0,0.0,1.0,0.0,0.0,1.0,0.0,0.0,0
0.8197343206583761,-0.7212152182083188,-0.47468233284409056,-0.44866450431162286,-0.5464604612698345,-0.558800046825462,0.7782480986759835,-0.3173960643863535,0.0,1.0,0.0,0.0,1.0,0.0,0.0,0.0,0.0,0.0,0.0,0.0,0.0,1.0,0.0,0.0,1.0,0.0,0.0,0
-1.5892019141065694,1.4534125050205797,0.5629565912326407,-0.44866450431162286,1.1803776523623222,0.11068539389042806,-1.2849372863246027,0.46932559624017584,1.0,0.0,1.0,0.0,0.0,0.0,0.0,0.0,1.0,0.0,0.0,0.0,0.0,0.0,0.0,0.0,0.0,1.0,0.0,1
-0.3847337967240967,-0.42126656672847074,0.5629565912326407,1.9302119738683008,0.8854640598566682,1.4496562753222082,-1.2849372863246027,-0.10459043221117915,1.0,0.0,0.0,0.0,1.0,0.0,0.0,0.0,0.0,0.0,0.0,0.0,0.0,1.0,0.0,1.0,0.0,0.0,0.0,1
0.8197343206583761,-0.2712922409885467,-0.47468233284409056,-0.44866450431162286,-0.5464604612698345,-0.558800046825462,0.7782480986759835,-0.3173960643863535,0.0,1.0,0.0,0.0,1.0,0.0,0.0,0.0,0.0,0.0,0.0,0.0,0.0,1.0,0.0,0.0,1.0,0.0,0.0,0
0.8197343206583761,-0.2712922409885467,-0.47468233284409056,-0.44866450431162286,-0.5503375949161506,-0.558800046825462,0.7782480986759835,-0.32139784834750124,0.0,1.0,0.0,0.0,1.0,0.0,0.0,0.0,0.0,0.0,0.0,0.0,0.0,1.0,0.0,0.0,1.0,0.0,0.0,0
0.8197343206583761,-0.2712922409885467,-0.47468233284409056,-0.44866450431162286,-0.5672038805837829,-0.558800046825462,0.7782480986759835,-0.33880638713568506,0.0,1.0,1.0,0.0,0.0,0.0,0.0,0.0,0.0,0.0,0.0,0.0,0.0,1.0,0.0,0.0,1.0,0.0,0.0,0
0.8197343206583761,-0.42126656672847074,-0.47468233284409056,-0.44866450431162286,-0.5692983373460277,-0.558800046825462,0.7782480986759835,-0.34096818093570846,0.0,1.0,0.0,0.0,1.0,0.0,0.0,0.0,0.0,0.0,0.0,0.0,0.0,1.0,0.0,0.0,1.0,0.0,0.0,1
-1.5892019141065694,0.028656410491301375,-0.47468233284409056,-0.44866450431162286,1.9270351448025045,-0.558800046825462,0.7782480986759835,2.2356227240566677,1.0,0.0,1.0,0.0,0.0,0.0,0.0,0.0,0.0,0.0,0.0,0.0,0.0,1.0,0.0,1.0,0.0,0.0,0.0,1
0.8197343206583761,-0.7212152182083188,-0.47468233284409056,-0.44866450431162286,-0.5310600439003879,-0.558800046825462,0.7782480986759835,-0.3015005217391225,1.0,0.0,0.0,0.0,1.0,0.0,0.0,0.0,0.0,0.0,0.0,0.0,0.0,1.0,0.0,1.0,0.0,0.0,0.0,0
-1.5892019141065694,1.1534638535407316,-0.47468233284409056,-0.44866450431162286,0.14372967226699607,-0.558800046825462,0.7782480986759835,0.394983765273224,0.0,1.0,0.0,0.0,1.0,0.0,0.0,0.0,0.0,0.0,0.0,0.0,1.0,0.0,0.0,0.0,1.0,0.0,0.0,0
0.8197343206583761,0.7035408763209595,-0.47468233284409056,-0.44866450431162286,-0.5496034035901297,-0.558800046825462,0.7782480986759835,-0.32064005268170676,0.0,1.0,0.0,0.0,1.0,0.0,0.0,0.0,0.0,0.0,0.0,0.0,0.0,1.0,0.0,0.0,1.0,0.0,0.0,0
0.8197343206583761,-0.9461767068182049,3.675873363462835,1.9302119738683008,-0.5496034035901297,3.4581125974698788,-1.2849372863246027,-0.4969276451891901,1.0,0.0,0.0,0.0,1.0,0.0,0.0,0.0,0.0,0.0,0.0,0.0,0.0,1.0,0.0,1.0,0.0,0.0,0.0,1
0.8197343206583761,-0.12131791524862266,-0.47468233284409056,-0.44866450431162286,-0.5100023303544099,-0.558800046825462,0.7782480986759835,-0.2797658001602556,0.0,1.0,0.0,0.0,1.0,0.0,0.0,0.0,0.0,0.0,0.0,0.0,0.0,1.0,0.0,0.0,1.0,0.0,0.0,0
-1.5892019141065694,2.1282969708502377,-0.47468233284409056,-0.44866450431162286,2.9351854382912497,-0.558800046825462,0.7782480986759835,3.2761851711992724,1.0,0.0,1.0,0.0,0.0,0.0,1.0,0.0,0.0,0.0,0.0,0.0,0.0,0.0,0.0,1.0,0.0,0.0,0.0,1
0.8197343206583761,-0.2712922409885467,-0.47468233284409056,-0.44866450431162286,-0.5464604612698345,-0.558800046825462,0.7782480986759835,-0.3173960643863535,0.0,1.0,0.0,0.0,1.0,0.0,0.0,0.0,0.0,0.0,0.0,0.0,0.0,1.0,0.0,0.0,1.0,0.0,0.0,0
0.8197343206583761,-1.546074009777901,0.5629565912326407,0.740773734778339,-0.3655325864827917,0.7801708346063182,-1.2849372863246027,-0.39442305259831234,1.0,0.0,1.0,0.0,0.0,0.0,0.0,0.0,0.0,0.0,0.0,0.0,0.0,1.0,0.0,1.0,0.0,0.0,0.0,0
0.8197343206583761,-0.2712922409885467,-0.47468233284409056,-0.44866450431162286,-0.5503375949161506,-0.558800046825462,0.7782480986759835,-0.32139784834750124,0.0,1.0,0.0,0.0,1.0,0.0,0.0,0.0,0.0,0.0,0.0,0.0,0.0,1.0,0.0,0.0,1.0,0.0,0.0,0
0.8197343206583761,-0.6837216367733377,-0.47468233284409056,-0.44866450431162286,-0.5665752921197239,-0.558800046825462,0.7782480986759835,-0.3381575894766144,0.0,1.0,0.0,0.0,1.0,0.0,0.0,0.0,0.0,0.0,0.0,0.0,0.0,1.0,0.0,0.0,1.0,0.0,0.0,0
-0.3847337967240967,-0.42126656672847074,-0.47468233284409056,1.9302119738683008,-0.3842846375426011,0.7801708346063182,-1.2849372863246027,-0.40087469652011093,1.0,0.0,0.0,0.0,1.0,0.0,0.0,0.0,0.0,0.0,0.0,0.0,0.0,1.0,0.0,0.0,0.0,1.0,0.0,1
0.8197343206583761,-0.2712922409885467,-0.47468233284409056,-0.44866450431162286,-0.5464604612698345,-0.558800046825462,0.7782480986759835,-0.3173960643863535,0.0,1.0,0.0,0.0,1.0,0.0,0.0,0.0,0.0,0.0,0.0,0.0,0.0,1.0,0.0,0.0,1.0,0.0,0.0,0
0.8197343206583761,-0.2712922409885467,-0.47468233284409056,-0.44866450431162286,-0.5590322305510154,-0.558800046825462,0.7782480986759835,-0.3303720175677665,0.0,1.0,0.0,0.0,1.0,0.0,0.0,0.0,0.0,0.0,0.0,0.0,0.0,1.0,0.0,0.0,1.0,0.0,0.0,0
0.8197343206583761,-0.7212152182083188,-0.47468233284409056,-0.44866450431162286,-0.5310600439003879,-0.558800046825462,0.7782480986759835,-0.3015005217391225,0.0,1.0,0.0,0.0,1.0,0.0,0.0,0.0,0.0,0.0,0.0,0.0,0.0,1.0,0.0,0.0,1.0,0.0,0.0,0
0.8197343206583761,1.0034895278008076,0.5629565912326407,6.687964930228148,0.4303660118779202,4.127598038185769,-1.2849372863246027,-0.3741658595550357,1.0,0.0,0.0,0.0,1.0,0.0,0.0,0.0,0.0,0.0,0.0,0.0,0.0,1.0,0.0,0.0,0.0,1.0,0.0,0
0.8197343206583761,-0.5712408924683948,-0.47468233284409056,-0.44866450431162286,-0.5670982777218211,-0.558800046825462,0.7782480986759835,-0.33869738912896125,0.0,1.0,1.0,0.0,0.0,0.0,0.0,0.0,0.0,0.0,0.0,0.0,0.0,1.0,0.0,0.0,1.0,0.0,0.0,0
0.8197343206583761,-0.5712408924683948,-0.47468233284409056,-0.44866450431162286,-0.48443889469805673,-0.558800046825462,0.7782480986759835,-0.25338049696117027,1.0,0.0,0.0,0.0,1.0,0.0,0.0,0.0,0.0,0.0,0.0,0.0,0.0,1.0,0.0,1.0,0.0,0.0,0.0,0
-0.3847337967240967,0.7035408763209595,-0.47468233284409056,-0.44866450431162286,-0.42199994538614377,-0.558800046825462,0.7782480986759835,-0.1889341278903641,0.0,1.0,0.0,0.0,1.0,0.0,0.0,0.0,0.0,0.0,0.0,0.0,0.0,1.0,0.0,0.0,1.0,0.0,0.0,0
-0.3847337967240967,-1.9210098241277112,0.5629565912326407,0.740773734778339,-0.17056455976252605,0.7801708346063182,-1.2849372863246027,-0.32734429515877017,1.0,0.0,0.0,0.0,1.0,0.0,0.0,0.0,0.0,0.0,0.0,0.0,0.0,1.0,0.0,1.0,0.0,0.0,0.0,1
-0.3847337967240967,1.8283483193703898,-0.47468233284409056,-0.44866450431162286,-0.396856406823782,-0.558800046825462,0.7782480986759835,-0.16298222152753797,0.0,1.0,0.0,0.0,1.0,0.0,0.0,0.0,0.0,0.0,0.0,0.0,0.0,1.0,0.0,0.0,0.0,0.0,1.0,0
-0.3847337967240967,0.32860506197114947,-0.47468233284409056,-0.44866450431162286,-0.48485879179204816,-0.558800046825462,0.7782480986759835,-0.25381389379742947,1.0,0.0,0.0,0.0,1.0,0.0,0.0,0.0,0.0,0.0,1.0,0.0,0.0,0.0,0.0,0.0,0.0,1.0,0.0,1
0.8197343206583761,0.5535665505810355,-0.47468233284409056,-0.44866450431162286,-0.5078022707302033,-0.558800046825462,0.7782480986759835,-0.2774950083535083,1.0,0.0,0.0,0.0,1.0,0.0,0.0,0.0,0.0,0.0,0.0,0.0,0.0,1.0,0.0,1.0,0.0,0.0,0.0,0
0.8197343206583761,-0.5712408924683948,-0.47468233284409056,-0.44866450431162286,-0.552012154584404,-0.558800046825462,0.7782480986759835,-0.3231262453112655,1.0,0.0,0.0,1.0,0.0,0.0,0.0,0.0,0.0,0.0,0.0,0.0,0.0,1.0,0.0,1.0,0.0,0.0,0.0,1
-0.3847337967240967,-0.4962537295984327,-0.47468233284409056,-0.44866450431162286,-0.42199994538614377,-0.558800046825462,0.7782480986759835,-0.1889341278903641,0.0,1.0,0.0,0.0,1.0,0.0,0.0,0.0,0.0,0.0,0.0,0.0,0.0,1.0,0.0,0.0,1.0,0.0,0.0,0
0.8197343206583761,-0.5712408924683948,-0.47468233284409056,-0.44866450431162286,-0.5503375949161506,-0.558800046825462,0.7782480986759835,-0.32139784834750124,0.0,1.0,0.0,0.0,1.0,0.0,0.0,0.0,0.0,0.0,0.0,0.0,0.0,1.0,0.0,0.0,1.0,0.0,0.0,0
0.8197343206583761,0.4785793877110735,-0.47468233284409056,-0.44866450431162286,-0.5603950103410954,-0.558800046825462,0.7782480986759835,-0.3317786108926318,0.0,1.0,0.0,0.0,1.0,0.0,0.0,0.0,0.0,0.0,0.0,0.0,0.0,1.0,0.0,0.0,1.0,0.0,0.0,0
-0.3847337967240967,0.2161243176662064,-0.47468233284409056,-0.44866450431162286,-0.42199994538614377,-0.558800046825462,0.7782480986759835,-0.1889341278903641,1.0,0.0,0.0,0.0,1.0,0.0,0.0,0.0,0.0,1.0,0.0,0.0,0.0,0.0,0.0,1.0,0.0,0.0,0.0,1
-0.3847337967240967,0.9285023649308456,-0.47468233284409056,-0.44866450431162286,-0.42199994538614377,-0.558800046825462,0.7782480986759835,-0.1889341278903641,0.0,1.0,0.0,0.0,1.0,0.0,0.0,0.0,0.0,0.0,0.0,0.0,0.0,1.0,0.0,0.0,1.0,0.0,0.0,1
-0.3847337967240967,3.028142925289782,-0.47468233284409056,-0.44866450431162286,-0.48485879179204816,-0.558800046825462,0.7782480986759835,-0.25381389379742947,0.0,1.0,0.0,0.0,1.0,0.0,0.0,0.0,0.0,0.0,0.0,0.0,0.0,1.0,0.0,0.0,1.0,0.0,0.0,0
0.8197343206583761,-1.771035498387787,-0.47468233284409056,0.740773734778339,-0.43520030313138364,0.11068539389042806,-1.2849372863246027,-0.36443389466897586,0.0,1.0,0.0,0.0,1.0,0.0,0.0,0.0,0.0,1.0,0.0,0.0,0.0,0.0,1.0,0.0,0.0,0.0,0.0,1
0.8197343206583761,0.1786307362312254,0.5629565912326407,0.740773734778339,-0.3591410989802393,0.7801708346063182,-1.2849372863246027,-0.3922240610658355,1.0,0.0,0.0,1.0,0.0,0.0,0.0,0.0,0.0,0.0,0.0,0.0,0.0,1.0,0.0,0.0,0.0,1.0,0.0,0
0.8197343206583761,-1.0211638696881669,0.5629565912326407,0.740773734778339,-0.23970929080902093,0.7801708346063182,-1.2849372863246027,-0.3511335426580275,0.0,1.0,0.0,0.0,1.0,0.0,0.0,0.0,0.0,0.0,0.0,0.0,0.0,1.0,0.0,0.0,1.0,0.0,0.0,0
-1.5892019141065694,-0.9461767068182049,0.5629565912326407,-0.44866450431162286,1.9892654027443502,0.11068539389042806,-1.2849372863246027,0.8867723908487795,1.0,0.0,1.0,0.0,0.0,0.0,0.0,1.0,0.0,0.0,0.0,0.0,0.0,0.0,0.0,0.0,0.0,1.0,0.0,1
0.8197343206583761,-0.2712922409885467,-0.47468233284409056,-0.44866450431162286,-0.5665752921197239,-0.558800046825462,0.7782480986759835,-0.3381575894766144,0.0,1.0,0.0,0.0,1.0,0.0,0.0,0.0,0.0,0.0,0.0,0.0,0.0,1.0,0.0,0.0,1.0,0.0,0.0,0
-0.3847337967240967,0.9285023649308456,-0.47468233284409056,-0.44866450431162286,-0.42199994538614377,-0.558800046825462,0.7782480986759835,-0.1889341278903641,0.0,1.0,0.0,0.0,1.0,0.0,0.0,0.0,0.0,0.0,0.0,0.0,0.0,1.0,0.0,0.0,0.0,0.0,1.0,0
0.8197343206583761,-0.42126656672847074,-0.47468233284409056,-0.44866450431162286,-0.5528519487723869,-0.558800046825462,0.7782480986759835,-0.3239930389837839,0.0,1.0,0.0,0.0,1.0,0.0,0.0,0.0,0.0,0.0,0.0,0.0,0.0,1.0,0.0,0.0,1.0,0.0,0.0,0
-1.5892019141065694,0.9285023649308456,-0.47468233284409056,-0.44866450431162286,-0.08130499786614176,-0.558800046825462,0.7782480986759835,0.1627142033259301,0.0,1.0,0.0,0.0,1.0,0.0,0.0,0.0,0.0,0.0,0.0,0.0,0.0,1.0,0.0,0.0,1.0,0.0,0.0,1
-1.5892019141065694,0.6285537134509975,-0.47468233284409056,-0.44866450431162286,4.971917664704515,-0.558800046825462,0.7782480986759835,5.378398584594914,1.0,0.0,1.0,0.0,0.0,0.0,0.0,1.0,0.0,0.0,0.0,0.0,0.0,0.0,0.0,1.0,0.0,0.0,0.0,1
0.8197343206583761,-0.6462280553383568,-0.47468233284409056,-0.44866450431162286,-0.5665752921197239,-0.558800046825462,0.7782480986759835,-0.3381575894766144,0.0,1.0,0.0,0.0,1.0,0.0,0.0,0.0,0.0,0.0,0.0,0.0,0.0,1.0,0.0,0.0,1.0,0.0,0.0,0
-1.5892019141065694,-0.8711895439482429,1.600595515309372,1.9302119738683008,4.971917664704515,2.1191417160380985,-1.2849372863246027,0.8355173757821976,1.0,0.0,1.0,0.0,0.0,0.0,1.0,0.0,0.0,0.0,0.0,0.0,0.0,0.0,0.0,1.0,0.0,0.0,0.0,1
0.8197343206583761,-0.5712408924683948,-0.47468233284409056,-0.44866450431162286,-0.554003522838543,-0.558800046825462,0.7782480986759835,-0.32518163629520136,1.0,0.0,0.0,1.0,0.0,0.0,0.0,0.0,0.0,0.0,0.0,0.0,0.0,1.0,0.0,1.0,0.0,0.0,0.0,1
0.8197343206583761,-0.2712922409885467,-0.47468233284409056,-0.44866450431162286,-0.5670982777218211,-0.558800046825462,0.7782480986759835,-0.33869738912896125,0.0,1.0,1.0,0.0,0.0,0.0,0.0,0.0,0.0,0.0,0.0,0.0,0.0,1.0,0.0,0.0,1.0,0.0,0.0,0
-0.3847337967240967,0.028656410491301375,-0.47468233284409056,-0.44866450431162286,-0.4003136433761067,-0.558800046825462,0.7782480986759835,-0.16655060865242655,0.0,1.0,1.0,0.0,0.0,0.0,0.0,0.0,0.0,0.0,0.0,0.0,0.0,1.0,0.0,0.0,1.0,0.0,0.0,1
-0.3847337967240967,-0.42126656672847074,1.600595515309372,3.119650212958262,-0.2774245986525636,2.7886271567539884,-1.2849372863246027,-0.44520920322327223,1.0,0.0,0.0,0.0,1.0,0.0,0.0,0.0,0.0,0.0,0.0,0.0,0.0,1.0,0.0,0.0,0.0,1.0,0.0,1
0.8197343206583761,0.2536178991011874,-0.47468233284409056,-0.44866450431162286,-0.5310600439003879,-0.558800046825462,0.7782480986759835,-0.3015005217391225,0.0,1.0,1.0,0.0,0.0,0.0,0.0,0.0,0.0,0.0,0.0,0.0,0.0,1.0,0.0,0.0,1.0,0.0,0.0,0
0.8197343206583761,1.6033868307605037,-0.47468233284409056,-0.44866450431162286,-0.5714983969702343,-0.558800046825462,0.7782480986759835,-0.3432389727424558,0.0,1.0,0.0,0.0,1.0,0.0,0.0,0.0,0.0,0.0,0.0,0.0,0.0,1.0,0.0,0.0,1.0,0.0,0.0,0
0.8197343206583761,-0.8711895439482429,-0.47468233284409056,-0.44866450431162286,-0.553374934374484,-0.558800046825462,0.7782480986759835,-0.3245328386361307,0.0,1.0,0.0,0.0,1.0,0.0,0.0,0.0,0.0,0.0,0.0,0.0,0.0,1.0,0.0,0.0,1.0,0.0,0.0,0
0.8197343206583761,-0.12131791524862266,-0.47468233284409056,-0.44866450431162286,0.6716383792146313,-0.558800046825462,0.7782480986759835,0.9398648008858492,0.0,1.0,0.0,0.0,1.0,0.0,0.0,0.0,0.0,0.0,0.0,0.0,0.0,1.0,0.0,0.0,1.0,0.0,0.0,0
0.8197343206583761,-0.3462794038585087,-0.47468233284409056,-0.44866450431162286,-0.5672038805837829,-0.558800046825462,0.7782480986759835,-0.33880638713568506,0.0,1.0,1.0,0.0,0.0,0.0,0.0,0.0,0.0,0.0,0.0,0.0,0.0,1.0,0.0,0.0,1.0,0.0,0.0,0
-1.5892019141065694,-0.9461767068182049,0.5629565912326407,-0.44866450431162286,0.6843157513577741,0.11068539389042806,-1.2849372863246027,0.21332042073344104,1.0,0.0,0.0,0.0,1.0,0.0,1.0,0.0,0.0,0.0,0.0,0.0,0.0,0.0,0.0,0.0,0.0,1.0,0.0,1
-0.3847337967240967,0.5535665505810355,0.5629565912326407,-0.44866450431162286,-0.09513394407544075,0.11068539389042806,-1.2849372863246027,-0.1889341278903641,0.0,1.0,0.0,0.0,1.0,0.0,0.0,0.0,0.0,0.0,0.0,0.0,0.0,1.0,0.0,0.0,1.0,0.0,0.0,0
0.8197343206583761,-0.7212152182083188,0.5629565912326407,0.740773734778339,-0.3530639057097165,0.7801708346063182,-1.2849372863246027,-0.39013320247653716,0.0,1.0,1.0,0.0,0.0,0.0,0.0,0.0,0.0,0.0,0.0,0.0,0.0,1.0,0.0,0.0,1.0,0.0,0.0,1
-1.5892019141065694,0.40359222484111146,-0.47468233284409056,-0.44866450431162286,4.971917664704515,-0.558800046825462,0.7782480986759835,12.769610514734522,1.0,0.0,1.0,0.0,0.0,0.0,0.0,0.0,0.0,0.0,0.0,0.0,0.0,1.0,0.0,1.0,0.0,0.0,0.0,1
-0.3847337967240967,0.1786307362312254,-0.47468233284409056,-0.44866450431162286,-0.48485879179204816,-0.558800046825462,0.7782480986759835,-0.25381389379742947,0.0,1.0,0.0,0.0,1.0,0.0,0.0,0.0,0.0,0.0,0.0,0.0,0.0,1.0,0.0,0.0,1.0,0.0,0.0,0
0.8197343206583761,-1.0211638696881669,-0.47468233284409056,-0.44866450431162286,-0.5544234199325345,-0.558800046825462,0.7782480986759835,-0.32561503313146056,1.0,0.0,0.0,1.0,0.0,0.0,0.0,0.0,0.0,0.0,0.0,0.0,0.0,1.0,0.0,1.0,0.0,0.0,0.0,1
-1.5892019141065694,0.9285023649308456,-0.47468233284409056,-0.44866450431162286,-0.0879051767387617,-0.558800046825462,0.7782480986759835,0.15590182790568824,0.0,1.0,0.0,0.0,1.0,0.0,0.0,0.0,0.0,1.0,0.0,0.0,0.0,0.0,0.0,0.0,1.0,0.0,0.0,1
-0.3847337967240967,-0.1963050781185847,-0.47468233284409056,-0.44866450431162286,-0.09513394407544075,-0.558800046825462,0.7782480986759835,0.1484406548263757,0.0,1.0,0.0,0.0,1.0,0.0,0.0,0.0,0.0,0.0,0.0,0.0,0.0,1.0,0.0,0.0,1.0,0.0,0.0,0
0.8197343206583761,-0.5712408924683948,-0.47468233284409056,-0.44866450431162286,-0.5544234199325345,-0.558800046825462,0.7782480986759835,-0.32561503313146056,1.0,0.0,0.0,1.0,0.0,0.0,0.0,0.0,0.0,0.0,0.0,0.0,0.0,1.0,0.0,1.0,0.0,0.0,0.0,1
0.8197343206583761,-0.2712922409885467,-0.47468233284409056,-0.44866450431162286,-0.552012154584404,-0.558800046825462,0.7782480986759835,-0.3231262453112655,0.0,1.0,0.0,1.0,0.0,0.0,0.0,0.0,0.0,0.0,0.0,0.0,0.0,1.0,0.0,0.0,1.0,0.0,0.0,0
-0.3847337967240967,0.6285537134509975,-0.47468233284409056,-0.44866450431162286,-0.42199994538614377,-0.558800046825462,0.7782480986759835,-0.1889341278903641,1.0,0.0,0.0,0.0,1.0,0.0,0.0,0.0,0.0,0.0,0.0,0.0,0.0,1.0,0.0,1.0,0.0,0.0,0.0,0
0.8197343206583761,0.9285023649308456,-0.47468233284409056,-0.44866450431162286,-0.5590322305510154,-0.558800046825462,0.7782480986759835,-0.3303720175677665,0.0,1.0,0.0,0.0,1.0,0.0,0.0,0.0,0.0,0.0,0.0,0.0,0.0,1.0,0.0,0.0,1.0,0.0,0.0,0
-1.5892019141065694,0.9285023649308456,-0.47468233284409056,-0.44866450431162286,-0.0021028513947022216,-0.558800046825462,0.7782480986759835,0.24446270836883238,0.0,1.0,1.0,0.0,0.0,0.0,0.0,1.0,0.0,0.0,0.0,0.0,0.0,0.0,0.0,0.0,1.0,0.0,0.0,1
-1.5892019141065694,0.5535665505810355,0.5629565912326407,0.740773734778339,0.5725326076172261,0.7801708346063182,-1.2849372863246027,-0.07168168481602477,0.0,1.0,0.0,0.0,1.0,0.0,0.0,0.0,1.0,0.0,0.0,0.0,0.0,0.0,0.0,0.0,1.0,0.0,0.0,1
0.8197343206583761,-0.8711895439482429,0.5629565912326407,0.740773734778339,-0.24065217350510953,0.7801708346063182,-1.2849372863246027,-0.35145794148756276,0.0,1.0,0.0,0.0,1.0,0.0,0.0,0.0,0.0,0.0,0.0,0.0,0.0,1.0,0.0,0.0,1.0,0.0,0.0,0
-0.3847337967240967,-0.12131791524862266,0.5629565912326407,-0.44866450431162286,-0.14542102120016429,0.11068539389042806,-1.2849372863246027,-0.21488603425319025,1.0,0.0,1.0,0.0,0.0,0.0,0.0,0.0,0.0,0.0,0.0,0.0,0.0,1.0,0.0,0.0,0.0,1.0,0.0,1
0.8197343206583761,-0.1963050781185847,-0.47468233284409056,-0.44866450431162286,-0.5310600439003879,-0.558800046825462,0.7782480986759835,-0.3015005217391225,0.0,1.0,0.0,0.0,1.0,0.0,0.0,0.0,0.0,0.0,0.0,0.0,0.0,1.0,0.0,0.0,1.0,0.0,0.0,1
-0.3847337967240967,0.028656410491301375,-0.47468233284409056,-0.44866450431162286,-0.42199994538614377,-0.558800046825462,0.7782480986759835,-0.1889341278903641,0.0,1.0,0.0,0.0,1.0,0.0,0.0,0.0,0.0,0.0,0.0,0.0,0.0,1.0,0.0,0.0,1.0,0.0,0.0,0
0.8197343206583761,0.1786307362312254,-0.47468233284409056,-0.44866450431162286,0.6716383792146313,-0.558800046825462,0.7782480986759835,0.9398648008858492,0.0,1.0,0.0,0.0,1.0,0.0,0.0,0.0,0.0,0.0,0.0,0.0,0.0,1.0,0.0,0.0,1.0,0.0,0.0,1
0.8197343206583761,-0.2712922409885467,-0.47468233284409056,-0.44866450431162286,-0.5670982777218211,-0.558800046825462,0.7782480986759835,-0.33869738912896125,0.0,1.0,1.0,0.0,0.0,0.0,0.0,0.0,0.0,0.0,0.0,0.0,0.0,1.0,0.0,0.0,1.0,0.0,0.0,0
0.8197343206583761,-0.2712922409885467,7.82642905976976,1.9302119738683008,0.9998671603154142,6.136054360333439,-1.2849372863246027,-0.3622220844675986,0.0,1.0,0.0,0.0,1.0,0.0,0.0,0.0,0.0,0.0,0.0,0.0,0.0,1.0,0.0,0.0,1.0,0.0,0.0,0
-0.3847337967240967,-0.04633075237866064,0.5629565912326407,-0.44866450431162286,-0.09513394407544075,0.11068539389042806,-1.2849372863246027,-0.1889341278903641,1.0,0.0,0.0,0.0,1.0,0.0,0.0,0.0,0.0,0.0,0.0,0.0,0.0,1.0,0.0,0.0,0.0,1.0,0.0,1
-0.3847337967240967,-0.1963050781185847,-0.47468233284409056,-0.44866450431162286,-0.42199994538614377,-0.558800046825462,0.7782480986759835,-0.1889341278903641,0.0,1.0,0.0,0.0,1.0,0.0,0.0,0.0,0.0,0.0,0.0,0.0,0.0,1.0,0.0,0.0,1.0,0.0,0.0,0
0.8197343206583761,-0.2712922409885467,-0.47468233284409056,-0.44866450431162286,-0.5503375949161506,-0.558800046825462,0.7782480986759835,-0.32139784834750124,0.0,1.0,0.0,0.0,1.0,0.0,0.0,0.0,0.0,0.0,0.0,0.0,0.0,1.0,0.0,0.0,1.0,0.0,0.0,0
-1.5892019141065694,0.9285023649308456,-0.47468233284409056,-0.44866450431162286,0.01801197945518721,-0.558800046825462,0.7782480986759835,0.2652242334590933,0.0,1.0,0.0,0.0,1.0,0.0,0.0,1.0,0.0,0.0,0.0,0.0,0.0,0.0,0.0,0.0,1.0,0.0,0.0,1
-1.5892019141065694,2.1282969708502377,-0.47468233284409056,-0.44866450431162286,-0.0021028513947022216,-0.558800046825462,0.7782480986759835,0.24446270836883238,0.0,1.0,1.0,0.0,0.0,0.0,1.0,0.0,0.0,0.0,0.0,0.0,0.0,0.0,0.0,0.0,1.0,0.0,0.0,0
-1.5892019141065694,-0.5712408924683948,0.5629565912326407,-0.44866450431162286,0.9256937215564469,0.11068539389042806,-1.2849372863246027,0.3378895712750064,1.0,0.0,0.0,0.0,1.0,0.0,0.0,1.0,0.0,0.0,0.0,0.0,0.0,0.0,0.0,0.0,0.0,1.0,0.0,1
-1.5892019141065694,1.5283996678905418,-0.47468233284409056,0.740773734778339,4.971917664704515,0.11068539389042806,-1.2849372863246027,2.685509401618804,1.0,0.0,1.0,0.0,0.0,0.0,1.0,0.0,0.0,0.0,0.0,0.0,0.0,0.0,0.0,0.0,0.0,1.0,0.0,1
0.8197343206583761,-1.396099684037977,3.675873363462835,1.9302119738683008,0.037498221841017546,3.4581125974698788,-1.2849372863246027,-0.41035950039319147,1.0,0.0,0.0,0.0,1.0,0.0,0.0,0.0,0.0,0.0,0.0,0.0,0.0,1.0,0.0,1.0,0.0,0.0,0.0,0
0.8197343206583761,1.3784253421506176,-0.47468233284409056,-0.44866450431162286,-0.551383566120345,-0.558800046825462,0.7782480986759835,-0.3224774476521949,0.0,1.0,0.0,0.0,1.0,0.0,0.0,0.0,0.0,0.0,0.0,0.0,0.0,1.0,0.0,0.0,1.0,0.0,0.0,0
-1.5892019141065694,0.7785280391909215,-0.47468233284409056,-0.44866450431162286,3.1097243399295964,-0.558800046825462,0.7782480986759835,3.4563355195981025,1.0,0.0,0.0,0.0,1.0,0.0,0.0,1.0,0.0,0.0,0.0,0.0,0.0,0.0,0.0,1.0,0.0,0.0,0.0,1
-1.5892019141065694,0.028656410491301375,-0.47468233284409056,-0.44866450431162286,0.030583748736368096,-0.558800046825462,0.7782480986759835,0.2782001866405064,1.0,0.0,1.0,0.0,0.0,0.0,0.0,0.0,0.0,0.0,0.0,0.0,0.0,1.0,0.0,1.0,0.0,0.0,0.0,1
-0.3847337967240967,0.32860506197114947,-0.47468233284409056,0.740773734778339,-0.17056455976252605,0.11068539389042806,-1.2849372863246027,-0.2278619874346033,1.0,0.0,0.0,0.0,1.0,0.0,0.0,0.0,0.0,0.0,0.0,0.0,0.0,1.0,0.0,0.0,0.0,1.0,0.0,1
-1.5892019141065694,0.2536178991011874,0.5629565912326407,-0.44866450431162286,1.5140525239157125,0.11068539389042806,-1.2849372863246027,0.6415268757200723,1.0,0.0,0.0,1.0,0.0,0.0,0.0,1.0,0.0,0.0,0.0,0.0,0.0,0.0,0.0,1.0,0.0,0.0,0.0,1
0.8197343206583761,-0.2712922409885467,-0.47468233284409056,-0.44866450431162286,-0.5503375949161506,-0.558800046825462,0.7782480986759835,-0.32139784834750124,0.0,1.0,0.0,0.0,1.0,0.0,0.0,0.0,0.0,0.0,0.0,0.0,0.0,1.0,0.0,0.0,1.0,0.0,0.0,0
-0.3847337967240967,0.4785793877110735,0.5629565912326407,1.9302119738683008,-0.05113275159130765,1.4496562753222082,-1.2849372863246027,-0.34626756021499755,0.0,1.0,0.0,0.0,1.0,0.0,0.0,0.0,0.0,0.0,0.0,0.0,0.0,1.0,0.0,0.0,1.0,0.0,0.0,0
0.8197343206583761,-2.189463867202175,-0.47468233284409056,0.740773734778339,-0.5347259718227803,0.11068539389042806,-1.2849372863246027,-0.41579661014696323,0.0,1.0,1.0,0.0,0.0,0.0,0.0,0.0,0.0,0.0,0.0,0.0,0.0,1.0,1.0,0.0,0.0,0.0,0.0,1
0.8197343206583761,0.7035408763209595,-0.47468233284409056,-0.44866450431162286,-0.5496034035901297,-0.558800046825462,0.7782480986759835,-0.32064005268170676,0.0,1.0,0.0,0.0,1.0,0.0,0.0,0.0,0.0,0.0,0.0,0.0,0.0,1.0,0.0,0.0,1.0,0.0,0.0,1
-1.5892019141065694,0.40359222484111146,-0.47468233284409056,-0.44866450431162286,1.2425023074422055,-0.558800046825462,0.7782480986759835,1.5290820733287265,1.0,0.0,1.0,0.0,0.0,0.0,0.0,0.0,0.0,0.0,0.0,0.0,0.0,1.0,0.0,0.0,0.0,1.0,0.0,1
-1.5892019141065694,2.653207110939972,-0.47468233284409056,-0.44866450431162286,-0.08130499786614176,-0.558800046825462,0.7782480986759835,0.1627142033259301,0.0,1.0,0.0,0.0,1.0,0.0,0.0,0.0,0.0,1.0,0.0,0.0,0.0,0.0,0.0,0.0,1.0,0.0,0.0,0
0.8197343206583761,-1.321112521168015,0.5629565912326407,-0.44866450431162286,-0.46620982924034443,0.11068539389042806,-1.2849372863246027,-0.38043713772761256,0.0,1.0,1.0,0.0,0.0,0.0,0.0,0.0,0.0,0.0,0.0,0.0,0.0,1.0,1.0,0.0,0.0,0.0,0.0,1
0.8197343206583761,-0.04633075237866064,0.5629565912326407,0.740773734778339,-0.48580167448813677,0.7801708346063182,-1.2849372863246027,-0.43580163716674775,1.0,0.0,0.0,0.0,1.0,0.0,0.0,0.0,0.0,0.0,0.0,1.0,0.0,0.0,0.0,0.0,0.0,1.0,0.0,0
-0.3847337967240967,0.9285023649308456,-0.47468233284409056,-0.44866450431162286,-0.42199994538614377,-0.558800046825462,0.7782480986759835,-0.1889341278903641,1.0,0.0,0.0,0.0,1.0,0.0,0.0,0.0,0.0,0.0,0.0,0.0,0.0,1.0,0.0,0.0,0.0,1.0,0.0,1
-1.5892019141065694,0.40359222484111146,-0.47468233284409056,-0.44866450431162286,4.971917664704515,-0.558800046825462,0.7782480986759835,12.769610514734522,0.0,1.0,1.0,0.0,0.0,0.0,1.0,0.0,0.0,0.0,0.0,0.0,0.0,0.0,0.0,0.0,1.0,0.0,0.0,1
0.8197343206583761,-2.0709841498676353,-0.47468233284409056,0.740773734778339,-0.43991471661182646,0.11068539389042806,-1.2849372863246027,-0.3668668858904908,1.0,0.0,0.0,0.0,1.0,0.0,0.0,0.0,0.0,0.0,0.0,0.0,0.0,1.0,0.0,1.0,0.0,0.0,0.0,1
0.8197343206583761,-0.7212152182083188,0.5629565912326407,-0.44866450431162286,-0.5496034035901297,0.11068539389042806,-1.2849372863246027,-0.4234744816444054,0.0,1.0,0.0,0.0,1.0,0.0,0.0,0.0,0.0,0.0,0.0,0.0,0.0,1.0,0.0,0.0,1.0,0.0,0.0,1
-1.5892019141065694,0.40359222484111146,0.5629565912326407,-0.44866450431162286,2.9351854382912497,0.11068539389042806,-1.2849372863246027,1.3749381302960844,1.0,0.0,1.0,0.0,0.0,0.0,1.0,0.0,0.0,0.0,0.0,0.0,0.0,0.0,0.0,0.0,0.0,1.0,0.0,1
-1.5892019141065694,1.2284510164106937,-0.47468233284409056,-0.44866450431162286,1.2425023074422055,-0.558800046825462,0.7782480986759835,1.5290820733287265,0.0,1.0,1.0,0.0,0.0,0.0,1.0,0.0,0.0,0.0,0.0,0.0,0.0,0.0,0.0,0.0,1.0,0.0,0.0,0
0.8197343206583761,0.6285537134509975,0.5629565912326407,5.498526691138187,0.04032686992928326,3.4581125974698788,-1.2849372863246027,-0.40994241618378885,1.0,0.0,0.0,0.0,1.0,0.0,0.0,0.0,0.0,0.0,0.0,0.0,0.0,1.0,0.0,0.0,0.0,1.0,0.0,1
0.8197343206583761,1.0784766906707697,-0.47468233284409056,-0.44866450431162286,-0.5496034035901297,-0.558800046825462,0.7782480986759835,-0.32064005268170676,0.0,1.0,0.0,0.0,1.0,0.0,0.0,0.0,0.0,0.0,0.0,0.0,0.0,1.0,0.0,0.0,1.0,0.0,0.0,1
0.8197343206583761,-0.5712408924683948,-0.47468233284409056,-0.44866450431162286,-0.554003522838543,-0.558800046825462,0.7782480986759835,-0.32518163629520136,1.0,0.0,0.0,1.0,0.0,0.0,0.0,0.0,0.0,0.0,0.0,0.0,0.0,1.0,0.0,1.0,0.0,0.0,0.0,1
0.8197343206583761,-1.0211638696881669,-0.47468233284409056,-0.44866450431162286,-0.554003522838543,-0.558800046825462,0.7782480986759835,-0.32518163629520136,1.0,0.0,0.0,1.0,0.0,0.0,0.0,0.0,0.0,0.0,0.0,0.0,0.0,1.0,0.0,1.0,0.0,0.0,0.0,1
0.8197343206583761,-0.6462280553383568,-0.47468233284409056,-0.44866450431162286,-0.5528519487723869,-0.558800046825462,0.7782480986759835,-0.3239930389837839,0.0,1.0,0.0,0.0,1.0,0.0,0.0,0.0,0.0,0.0,0.0,0.0,0.0,1.0,0.0,0.0,1.0,0.0,0.0,1
-1.5892019141065694,1.0784766906707697,-0.47468233284409056,0.740773734778339,0.7089363043180387,0.11068539389042806,-1.2849372863246027,0.2260264740886807,1.0,0.0,1.0,0.0,0.0,0.0,1.0,0.0,0.0,0.0,0.0,0.0,0.0,0.0,0.0,0.0,0.0,1.0,0.0,1
0.8197343206583761,-1.096151032558129,-0.47468233284409056,-0.44866450431162286,-0.5672038805837829,-0.558800046825462,0.7782480986759835,-0.33880638713568506,1.0,0.0,1.0,0.0,0.0,0.0,0.0,0.0,0.0,0.0,0.0,0.0,0.0,1.0,0.0,1.0,0.0,0.0,0.0,1
0.8197343206583761,-0.5712408924683948,-0.47468233284409056,-0.44866450431162286,-0.5665752921197239,-0.558800046825462,0.7782480986759835,-0.3381575894766144,1.0,0.0,0.0,0.0,1.0,0.0,0.0,0.0,0.0,0.0,0.0,0.0,0.0,1.0,0.0,1.0,0.0,0.0,0.0,1
0.8197343206583761,0.7785280391909215,-0.47468233284409056,-0.44866450431162286,-0.5672038805837829,-0.558800046825462,0.7782480986759835,-0.33880638713568506,0.0,1.0,1.0,0.0,0.0,0.0,0.0,0.0,0.0,0.0,0.0,0.0,0.0,1.0,0.0,0.0,1.0,0.0,0.0,0
0.8197343206583761,-0.2712922409885467,-0.47468233284409056,-0.44866450431162286,-0.5503375949161506,-0.558800046825462,0.7782480986759835,-0.32139784834750124,0.0,1.0,1.0,0.0,0.0,0.0,0.0,0.0,0.0,0.0,0.0,0.0,0.0,1.0,0.0,0.0,1.0,0.0,0.0,0
-0.3847337967240967,-1.995996986997673,0.5629565912326407,0.740773734778339,-0.09513394407544075,0.7801708346063182,-1.2849372863246027,-0.30139238879594404,0.0,1.0,0.0,0.0,1.0,0.0,0.0,0.0,0.0,0.0,1.0,0.0,0.0,0.0,1.0,0.0,0.0,0.0,0.0,1
-1.5892019141065694,1.9783226451103137,-0.47468233284409056,-0.44866450431162286,0.14372967226699607,-0.558800046825462,0.7782480986759835,0.394983765273224,0.0,1.0,1.0,0.0,0.0,1.0,0.0,0.0,0.0,0.0,0.0,0.0,0.0,0.0,0.0,0.0,0.0,0.0,1.0,1
-1.5892019141065694,0.028656410491301375,-0.47468233284409056,-0.44866450431162286,0.6825355888275589,-0.558800046825462,0.7782480986759835,0.9511123571034978,1.0,0.0,1.0,0.0,0.0,0.0,0.0,0.0,0.0,1.0,0.0,0.0,0.0,0.0,0.0,1.0,0.0,0.0,0.0,1
-1.5892019141065694,1.4534125050205797,0.5629565912326407,-0.44866450431162286,1.491528942071549,0.11068539389042806,-1.2849372863246027,0.6299030168601626,0.0,1.0,1.0,0.0,0.0,0.0,0.0,1.0,0.0,0.0,0.0,0.0,0.0,0.0,0.0,0.0,1.0,0.0,0.0,1
-0.3847337967240967,1.1534638535407316,-0.47468233284409056,-0.44866450431162286,-0.40942817610496285,-0.558800046825462,0.7782480986759835,-0.17595817470895103,1.0,0.0,0.0,0.0,1.0,0.0,0.0,0.0,0.0,0.0,0.0,0.0,0.0,1.0,0.0,0.0,0.0,1.0,0.0,1
-1.5892019141065694,1.3034381792806558,-0.47468233284409056,-0.44866450431162286,-0.10550565373241502,-0.558800046825462,0.7782480986759835,0.13773549345170988,0.0,1.0,0.0,0.0,1.0,0.0,0.0,0.0,0.0,1.0,0.0,0.0,0.0,0.0,0.0,0.0,1.0,0.0,0.0,0
-1.5892019141065694,0.9285023649308456,0.5629565912326407,-0.44866450431162286,0.5725326076172261,0.11068539389042806,-1.2849372863246027,0.15563192807951484,0.0,1.0,0.0,0.0,1.0,0.0,0.0,0.0,1.0,0.0,0.0,0.0,0.0,0.0,0.0,0.0,1.0,0.0,0.0,1
-0.3847337967240967,0.8535152020608836,-0.47468233284409056,0.740773734778339,-0.2585669447307922,0.11068539389042806,-1.2849372863246027,-0.27327782356954905,1.0,0.0,0.0,0.0,1.0,0.0,0.0,0.0,0.0,0.0,0.0,0.0,0.0,1.0,0.0,0.0,0.0,1.0,0.0,1
0.8197343206583761,-1.846022661257749,-0.47468233284409056,-0.44866450431162286,-0.43520030313138364,-0.558800046825462,0.7782480986759835,-0.20255887873084785,1.0,0.0,0.0,0.0,1.0,0.0,0.0,0.0,0.0,0.0,0.0,0.0,0.0,1.0,0.0,1.0,0.0,0.0,0.0,1
0.8197343206583761,-2.145971312737597,-0.47468233284409056,1.9302119738683008,-0.3530639057097165,0.7801708346063182,-1.2849372863246027,-0.39013320247653716,1.0,0.0,1.0,0.0,0.0,0.0,0.0,0.0,0.0,0.0,0.0,0.0,0.0,1.0,0.0,1.0,0.0,0.0,0.0,1
0.8197343206583761,-0.3462794038585087,0.5629565912326407,-0.44866450431162286,-0.5496034035901297,0.11068539389042806,-1.2849372863246027,-0.4234744816444054,1.0,0.0,0.0,0.0,1.0,0.0,0.0,0.0,0.0,0.0,0.0,0.0,0.0,1.0,0.0,1.0,0.0,0.0,0.0,0
-0.3847337967240967,-1.246125358298053,-0.47468233284409056,0.740773734778339,-0.2585669447307922,0.11068539389042806,-1.2849372863246027,-0.27327782356954905,1.0,0.0,0.0,0.0,1.0,0.0,0.0,0.0,0.0,0.0,0.0,0.0,0.0,1.0,0.0,1.0,0.0,0.0,0.0,1
-0.3847337967240967,-0.8711895439482429,-0.47468233284409056,-0.44866450431162286,1.0991841376367433,-0.558800046825462,0.7782480986759835,1.3811562070606174,0.0,1.0,0.0,0.0,1.0,0.0,0.0,0.0,0.0,0.0,0.0,0.0,0.0,1.0,0.0,0.0,1.0,0.0,0.0,0
-1.5892019141065694,2.653207110939972,-0.47468233284409056,0.740773734778339,0.8095104585674858,0.11068539389042806,-1.2849372863246027,0.27793028681433296,0.0,1.0,1.0,0.0,0.0,0.0,1.0,0.0,0.0,0.0,0.0,0.0,0.0,0.0,0.0,0.0,1.0,0.0,0.0,0
-1.5892019141065694,0.9285023649308456,-0.47468233284409056,-0.44866450431162286,0.24681818037267936,-0.558800046825462,0.7782480986759835,0.5013865813608113,0.0,1.0,1.0,0.0,0.0,0.0,0.0,0.0,0.0,0.0,0.0,0.0,0.0,1.0,0.0,0.0,0.0,0.0,1.0,0
0.8197343206583761,-0.7962023810782808,-0.47468233284409056,-0.44866450431162286,-0.553374934374484,-0.558800046825462,0.7782480986759835,-0.3245328386361307,0.0,1.0,0.0,0.0,1.0,0.0,0.0,0.0,0.0,0.0,0.0,0.0,0.0,1.0,0.0,0.0,1.0,0.0,0.0,0
0.8197343206583761,-0.2712922409885467,-0.47468233284409056,-0.44866450431162286,-0.27648171595647497,-0.558800046825462,0.7782480986759835,-0.0387374698155078,0.0,1.0,1.0,0.0,0.0,0.0,0.0,0.0,0.0,0.0,0.0,0.0,0.0,1.0,0.0,0.0,1.0,0.0,0.0,1
0.8197343206583761,0.1786307362312254,-0.47468233284409056,-0.44866450431162286,-0.554003522838543,-0.558800046825462,0.7782480986759835,-0.32518163629520136,0.0,1.0,0.0,1.0,0.0,0.0,0.0,0.0,0.0,0.0,0.0,0.0,0.0,1.0,0.0,0.0,1.0,0.0,0.0,0
0.8197343206583761,-0.2712922409885467,-0.47468233284409056,-0.44866450431162286,-0.36919851440518403,-0.558800046825462,0.7782480986759835,-0.13443512452842923,0.0,1.0,0.0,0.0,1.0,0.0,0.0,0.0,0.0,0.0,0.0,0.0,0.0,1.0,0.0,0.0,1.0,0.0,0.0,0
0.8197343206583761,-0.04633075237866064,-0.47468233284409056,-0.44866450431162286,-0.553374934374484,-0.558800046825462,0.7782480986759835,-0.3245328386361307,0.0,1.0,0.0,0.0,1.0,0.0,0.0,0.0,0.0,0.0,0.0,0.0,0.0,1.0,0.0,0.0,1.0,0.0,0.0,0
0.8197343206583761,0.7785280391909215,0.5629565912326407,4.309088452048224,-0.04736122080695342,2.7886271567539884,-1.2849372863246027,-0.4056325460199624,0.0,1.0,0.0,0.0,1.0,0.0,0.0,0.0,0.0,0.0,0.0,0.0,0.0,1.0,0.0,0.0,1.0,0.0,0.0,0
0.8197343206583761,-0.42126656672847074,-0.47468233284409056,-0.44866450431162286,-0.5716039998321962,-0.558800046825462,0.7782480986759835,-0.3433479707491796,0.0,1.0,0.0,0.0,1.0,0.0,0.0,0.0,0.0,0.0,0.0,0.0,0.0,1.0,0.0,0.0,1.0,0.0,0.0,0
0.8197343206583761,-0.5712408924683948,-0.47468233284409056,-0.44866450431162286,-0.5137738611387642,-0.558800046825462,0.7782480986759835,-0.28365858611467953,0.0,1.0,0.0,0.0,1.0,0.0,0.0,0.0,0.0,0.0,0.0,0.0,0.0,1.0,0.0,0.0,1.0,0.0,0.0,0
0.8197343206583761,-0.1963050781185847,0.5629565912326407,-0.44866450431162286,-0.38543621160875724,0.11068539389042806,-1.2849372863246027,-0.3387518881323231,0.0,1.0,1.0,0.0,0.0,0.0,0.0,0.0,0.0,0.0,0.0,0.0,0.0,1.0,0.0,0.0,1.0,0.0,0.0,0
-0.3847337967240967,-1.621061172647863,-0.47468233284409056,1.9302119738683008,-0.0888480594348503,0.7801708346063182,-1.2849372863246027,-0.2992297299323752,1.0,0.0,0.0,0.0,1.0,0.0,0.0,0.0,0.0,0.0,0.0,0.0,0.0,1.0,0.0,1.0,0.0,0.0,0.0,1
-1.5892019141065694,0.4785793877110735,-0.47468233284409056,-0.44866450431162286,-0.0879051767387617,-0.558800046825462,0.7782480986759835,0.15590182790568824,0.0,1.0,0.0,0.0,1.0,0.0,0.0,0.0,0.0,1.0,0.0,0.0,0.0,0.0,0.0,0.0,1.0,0.0,0.0,1
0.8197343206583761,-0.2712922409885467,-0.47468233284409056,-0.44866450431162286,-0.3842846375426011,-0.558800046825462,0.7782480986759835,-0.1500062683461249,0.0,1.0,0.0,0.0,1.0,0.0,0.0,0.0,0.0,0.0,0.0,0.0,0.0,1.0,0.0,0.0,1.0,0.0,0.0,0
-0.3847337967240967,-0.12131791524862266,-0.47468233284409056,-0.44866450431162286,-0.42199994538614377,-0.558800046825462,0.7782480986759835,-0.1889341278903641,0.0,1.0,0.0,0.0,1.0,0.0,0.0,0.0,0.0,0.0,0.0,0.0,0.0,1.0,0.0,0.0,1.0,0.0,0.0,0
0.8197343206583761,0.4785793877110735,0.5629565912326407,0.740773734778339,-0.14164949041581007,0.7801708346063182,-1.2849372863246027,-0.31739606438635354,0.0,1.0,0.0,0.0,1.0,0.0,0.0,0.0,0.0,0.0,0.0,0.0,0.0,1.0,0.0,0.0,1.0,0.0,0.0,0
-1.5892019141065694,-0.6462280553383568,1.600595515309372,1.9302119738683008,4.971917664704515,2.1191417160380985,-1.2849372863246027,0.8355173757821976,1.0,0.0,1.0,0.0,0.0,0.0,1.0,0.0,0.0,0.0,0.0,0.0,0.0,0.0,0.0,1.0,0.0,0.0,0.0,1
0.8197343206583761,-0.5712408924683948,2.6382344393861037,0.740773734778339,-0.1085429931907483,2.1191417160380985,-1.2849372863246027,-0.394127027853067,1.0,0.0,0.0,0.0,1.0,0.0,0.0,0.0,0.0,0.0,0.0,0.0,0.0,1.0,0.0,1.0,0.0,0.0,0.0,0
0.8197343206583761,-0.5712408924683948,-0.47468233284409056,-0.44866450431162286,-0.5697182344400191,-0.558800046825462,0.7782480986759835,-0.34140157777196767,0.0,1.0,0.0,0.0,1.0,0.0,0.0,0.0,0.0,0.0,0.0,0.0,0.0,1.0,0.0,0.0,1.0,0.0,0.0,0
-0.3847337967240967,2.053309807980276,-0.47468233284409056,-0.44866450431162286,-0.48485879179204816,-0.558800046825462,0.7782480986759835,-0.25381389379742947,1.0,0.0,0.0,0.0,1.0,0.0,0.0,0.0,0.0,1.0,0.0,0.0,0.0,0.0,0.0,0.0,0.0,1.0,0.0,0
0.8197343206583761,-0.04633075237866064,0.5629565912326407,-0.44866450431162286,-0.5717096026941582,0.11068539389042806,-1.2849372863246027,-0.4348829396815037,0.0,1.0,0.0,0.0,1.0,0.0,0.0,0.0,0.0,0.0,0.0,0.0,0.0,1.0,0.0,0.0,1.0,0.0,0.0,0
0.8197343206583761,-0.2712922409885467,1.600595515309372,-0.44866450431162286,-0.5310600439003879,0.7801708346063182,-1.2849372863246027,-0.45137278098444344,0.0,1.0,0.0,0.0,1.0,0.0,0.0,0.0,0.0,0.0,0.0,0.0,0.0,1.0,0.0,0.0,1.0,0.0,0.0,0
0.8197343206583761,-0.2712922409885467,-0.47468233284409056,-0.44866450431162286,-0.5464604612698345,-0.558800046825462,0.7782480986759835,-0.3173960643863535,0.0,1.0,0.0,0.0,1.0,0.0,0.0,0.0,0.0,0.0,0.0,0.0,0.0,1.0,0.0,0.0,1.0,0.0,0.0,0
-0.3847337967240967,-2.145971312737597,1.600595515309372,0.740773734778339,0.23173205723526225,1.4496562753222082,-1.2849372863246027,-0.27327782356954905,0.0,1.0,0.0,0.0,1.0,0.0,0.0,0.0,0.0,0.0,1.0,0.0,0.0,0.0,1.0,0.0,0.0,0.0,0.0,1
0.8197343206583761,0.1786307362312254,-0.47468233284409056,-0.44866450431162286,-0.5503375949161506,-0.558800046825462,0.7782480986759835,-0.32139784834750124,0.0,1.0,0.0,0.0,1.0,0.0,0.0,0.0,0.0,0.0,0.0,0.0,0.0,1.0,0.0,0.0,1.0,0.0,0.0,0
0.8197343206583761,-0.5712408924683948,-0.47468233284409056,-0.44866450431162286,-0.553374934374484,-0.558800046825462,0.7782480986759835,-0.3245328386361307,1.0,0.0,0.0,0.0,1.0,0.0,0.0,0.0,0.0,0.0,0.0,0.0,0.0,1.0,0.0,1.0,0.0,0.0,0.0,1
0.8197343206583761,-0.2712922409885467,-0.47468233284409056,-0.44866450431162286,-0.5503375949161506,-0.558800046825462,0.7782480986759835,-0.32139784834750124,0.0,1.0,0.0,0.0,1.0,0.0,0.0,0.0,0.0,0.0,0.0,0.0,0.0,1.0,0.0,0.0,1.0,0.0,0.0,0
-0.3847337967240967,0.7785280391909215,0.5629565912326407,0.740773734778339,0.23173205723526225,0.7801708346063182,-1.2849372863246027,-0.1889341278903641,1.0,0.0,0.0,0.0,1.0,0.0,0.0,0.0,0.0,0.0,0.0,0.0,0.0,1.0,0.0,0.0,0.0,1.0,0.0,1
0.8197343206583761,0.1786307362312254,-0.47468233284409056,-0.44866450431162286,-0.551383566120345,-0.558800046825462,0.7782480986759835,-0.3224774476521949,0.0,1.0,0.0,0.0,1.0,0.0,0.0,0.0,0.0,0.0,0.0,0.0,0.0,1.0,0.0,0.0,1.0,0.0,0.0,1
0.8197343206583761,-0.4962537295984327,-0.47468233284409056,-0.44866450431162286,-0.5590322305510154,-0.558800046825462,0.7782480986759835,-0.3303720175677665,1.0,0.0,0.0,0.0,1.0,0.0,0.0,0.0,0.0,0.0,0.0,0.0,0.0,1.0,0.0,1.0,0.0,0.0,0.0,1
-0.3847337967240967,-0.4962537295984327,-0.47468233284409056,-0.44866450431162286,-0.48485879179204816,-0.558800046825462,0.7782480986759835,-0.25381389379742947,0.0,1.0,0.0,0.0,1.0,0.0,0.0,0.0,0.0,0.0,0.0,0.0,0.0,1.0,0.0,0.0,0.0,0.0,1.0,0
0.8197343206583761,-0.8711895439482429,-0.47468233284409056,-0.44866450431162286,-0.5528519487723869,-0.558800046825462,0.7782480986759835,-0.3239930389837839,0.0,1.0,0.0,0.0,1.0,0.0,0.0,0.0,0.0,0.0,0.0,0.0,0.0,1.0,0.0,0.0,1.0,0.0,0.0,0
-1.5892019141065694,0.9285023649308456,-0.47468233284409056,-0.44866450431162286,0.030583748736368096,-0.558800046825462,0.7782480986759835,0.2782001866405064,0.0,1.0,0.0,0.0,1.0,0.0,0.0,0.0,0.0,0.0,0.0,0.0,0.0,1.0,0.0,0.0,1.0,0.0,0.0,0
0.8197343206583761,0.2536178991011874,-0.47468233284409056,-0.44866450431162286,-0.5503375949161506,-0.558800046825462,0.7782480986759835,-0.32139784834750124,0.0,1.0,0.0,0.0,1.0,0.0,0.0,0.0,0.0,0.0,0.0,0.0,0.0,1.0,0.0,0.0,1.0,0.0,0.0,0
0.8197343206583761,-0.5712408924683948,0.5629565912326407,-0.44866450431162286,-0.5665752921197239,0.11068539389042806,-1.2849372863246027,-0.43223325004185914,0.0,1.0,0.0,0.0,1.0,0.0,0.0,0.0,0.0,0.0,0.0,0.0,0.0,1.0,0.0,0.0,1.0,0.0,0.0,0
-1.5892019141065694,-0.2712922409885467,-0.47468233284409056,-0.44866450431162286,0.005440210174006327,-0.558800046825462,0.7782480986759835,0.25224828027768026,0.0,1.0,1.0,0.0,0.0,0.0,0.0,1.0,0.0,0.0,0.0,0.0,0.0,0.0,0.0,0.0,1.0,0.0,0.0,1
0.8197343206583761,-0.5712408924683948,0.5629565912326407,1.9302119738683008,-0.1592499674094633,1.4496562753222082,-1.2849372863246027,-0.3741658595550357,1.0,0.0,0.0,0.0,1.0,0.0,0.0,0.0,0.0,0.0,0.0,0.0,0.0,1.0,0.0,1.0,0.0,0.0,0.0,0
-0.3847337967240967,-0.4962537295984327,1.600595515309372,0.740773734778339,-0.4597152532296864,1.4496562753222082,-1.2849372863246027,-0.4516971798139788,0.0,1.0,0.0,0.0,1.0,0.0,0.0,0.0,0.0,0.0,0.0,0.0,0.0,1.0,0.0,0.0,1.0,0.0,0.0,0
0.8197343206583761,-0.04633075237866064,-0.47468233284409056,4.309088452048224,-0.2189658714950725,2.1191417160380985,-1.2849372863246027,-0.41692162528779175,1.0,0.0,0.0,0.0,1.0,0.0,0.0,0.0,0.0,0.0,0.0,0.0,0.0,1.0,0.0,0.0,0.0,1.0,0.0,0
0.8197343206583761,0.40359222484111146,-0.47468233284409056,-0.44866450431162286,-0.5503375949161506,-0.558800046825462,0.7782480986759835,-0.32139784834750124,0.0,1.0,1.0,0.0,0.0,0.0,0.0,0.0,0.0,0.0,0.0,0.0,0.0,1.0,0.0,0.0,1.0,0.0,0.0,0
-0.3847337967240967,-0.04633075237866064,0.5629565912326407,-0.44866450431162286,-0.2208516368872496,0.11068539389042806,-1.2849372863246027,-0.25381389379742947,0.0,1.0,0.0,0.0,1.0,0.0,0.0,0.0,0.0,0.0,0.0,0.0,0.0,1.0,0.0,0.0,1.0,0.0,0.0,0
-0.3847337967240967,1.0784766906707697,0.5629565912326407,-0.44866450431162286,-0.09513394407544075,0.11068539389042806,-1.2849372863246027,-0.1889341278903641,0.0,1.0,0.0,0.0,1.0,0.0,0.0,0.0,0.0,0.0,0.0,0.0,0.0,1.0,0.0,0.0,1.0,0.0,0.0,0
-1.5892019141065694,0.4785793877110735,0.5629565912326407,-0.44866450431162286,1.2337020689453786,0.11068539389042806,-1.2849372863246027,0.49684499774731655,0.0,1.0,0.0,0.0,1.0,0.0,0.0,1.0,0.0,0.0,0.0,0.0,0.0,0.0,0.0,0.0,1.0,0.0,0.0,0
0.8197343206583761,-0.2712922409885467,-0.47468233284409056,-0.44866450431162286,-0.5503375949161506,-0.558800046825462,0.7782480986759835,-0.32139784834750124,0.0,1.0,0.0,0.0,1.0,0.0,0.0,0.0,0.0,0.0,0.0,0.0,0.0,1.0,0.0,0.0,1.0,0.0,0.0,0
0.8197343206583761,-0.2712922409885467,-0.47468233284409056,-0.44866450431162286,-0.5741183536884324,-0.558800046825462,0.7782480986759835,-0.34594316138546227,0.0,1.0,0.0,1.0,0.0,0.0,0.0,0.0,0.0,0.0,0.0,0.0,0.0,1.0,0.0,0.0,1.0,0.0,0.0,0
-0.3847337967240967,0.2536178991011874,-0.47468233284409056,1.9302119738683008,-0.09513394407544075,0.7801708346063182,-1.2849372863246027,-0.30139238879594404,1.0,0.0,0.0,0.0,1.0,0.0,0.0,0.0,0.0,0.0,0.0,0.0,0.0,1.0,0.0,0.0,0.0,1.0,0.0,1
0.8197343206583761,-1.0211638696881669,-0.47468233284409056,-0.44866450431162286,-0.5100023303544099,-0.558800046825462,0.7782480986759835,-0.2797658001602556,0.0,1.0,0.0,0.0,1.0,0.0,0.0,0.0,0.0,0.0,0.0,0.0,0.0,1.0,0.0,0.0,1.0,0.0,0.0,0
-1.5892019141065694,1.3784253421506176,0.5629565912326407,-0.44866450431162286,0.24681818037267936,0.11068539389042806,-1.2849372863246027,-0.012461164623146347,1.0,0.0,1.0,0.0,0.0,1.0,0.0,0.0,0.0,0.0,0.0,0.0,0.0,0.0,0.0,0.0,0.0,0.0,1.0,1
-1.5892019141065694,0.6285537134509975,-0.47468233284409056,-0.44866450431162286,-0.7488659466968468,-0.558800046825462,0.7782480986759835,-0.5263089106071039,0.0,1.0,0.0,0.0,1.0,0.0,0.0,0.0,0.0,0.0,0.0,0.0,0.0,1.0,0.0,0.0,0.0,0.0,1.0,0
-0.3847337967240967,-0.2712922409885467,0.5629565912326407,0.740773734778339,-0.09513394407544075,0.7801708346063182,-1.2849372863246027,-0.30139238879594404,1.0,0.0,0.0,0.0,1.0,0.0,0.0,0.0,0.0,0.0,0.0,0.0,0.0,1.0,0.0,0.0,0.0,1.0,0.0,0
-1.5892019141065694,0.9285023649308456,-0.47468233284409056,-0.44866450431162286,0.5083109814212418,-0.558800046825462,0.7782480986759835,0.771286407534203,0.0,1.0,0.0,0.0,1.0,1.0,0.0,0.0,0.0,0.0,0.0,0.0,0.0,0.0,0.0,0.0,1.0,0.0,0.0,0
-1.5892019141065694,0.7785280391909215,-0.47468233284409056,-0.44866450431162286,-0.0518669429173286,-0.558800046825462,0.7782480986759835,0.19309869529552692,0.0,1.0,1.0,0.0,0.0,0.0,0.0,0.0,0.0,0.0,0.0,0.0,0.0,1.0,0.0,0.0,0.0,0.0,1.0,0
-1.5892019141065694,0.40359222484111146,-0.47468233284409056,-0.44866450431162286,2.6614351621935355,-0.558800046825462,0.7782480986759835,2.9936337906740023,1.0,0.0,0.0,0.0,1.0,0.0,0.0,1.0,0.0,0.0,0.0,0.0,0.0,0.0,0.0,1.0,0.0,0.0,0.0,1
0.8197343206583761,-0.12131791524862266,-0.47468233284409056,-0.44866450431162286,-0.551383566120345,-0.558800046825462,0.7782480986759835,-0.3224774476521949,0.0,1.0,0.0,0.0,1.0,0.0,0.0,0.0,0.0,0.0,0.0,0.0,0.0,1.0,0.0,0.0,1.0,0.0,0.0,0
-0.3847337967240967,-0.12131791524862266,-0.47468233284409056,-0.44866450431162286,-0.4308001838829704,-0.558800046825462,0.7782480986759835,-0.19801729511735325,1.0,0.0,0.0,0.0,1.0,0.0,0.0,0.0,0.0,0.0,0.0,0.0,0.0,1.0,0.0,0.0,0.0,1.0,0.0,1
-1.5892019141065694,0.1036435733612634,-0.47468233284409056,1.9302119738683008,3.3964662824024825,0.7801708346063182,-1.2849372863246027,0.899892809642279,1.0,0.0,0.0,0.0,1.0,0.0,0.0,1.0,0.0,0.0,0.0,0.0,0.0,0.0,0.0,1.0,0.0,0.0,0.0,1
0.8197343206583761,-0.8711895439482429,-0.47468233284409056,-0.44866450431162286,-0.5401745766292441,-0.558800046825462,0.7782480986759835,-0.31090808779564694,0.0,1.0,0.0,0.0,1.0,0.0,0.0,0.0,0.0,0.0,0.0,0.0,0.0,1.0,0.0,0.0,1.0,0.0,0.0,0
0.8197343206583761,-1.546074009777901,3.675873363462835,1.9302119738683008,0.04032686992928326,3.4581125974698788,-1.2849372863246027,-0.40994241618378885,0.0,1.0,0.0,0.0,1.0,0.0,0.0,0.0,0.0,0.0,0.0,0.0,0.0,1.0,1.0,0.0,0.0,0.0,0.0,0
0.8197343206583761,0.4785793877110735,-0.47468233284409056,-0.44866450431162286,-0.5503375949161506,-0.558800046825462,0.7782480986759835,-0.32139784834750124,0.0,1.0,0.0,0.0,1.0,0.0,0.0,0.0,0.0,0.0,0.0,0.0,0.0,1.0,0.0,0.0,1.0,0.0,0.0,0
0.8197343206583761,-0.2712922409885467,-0.47468233284409056,-0.44866450431162286,-0.5670982777218211,-0.558800046825462,0.7782480986759835,-0.33869738912896125,0.0,1.0,1.0,0.0,0.0,0.0,0.0,0.0,0.0,0.0,0.0,0.0,0.0,1.0,0.0,0.0,1.0,0.0,0.0,1
0.8197343206583761,-0.3462794038585087,-0.47468233284409056,-0.44866450431162286,-0.5716039998321962,-0.558800046825462,0.7782480986759835,-0.3433479707491796,0.0,1.0,0.0,0.0,1.0,0.0,0.0,0.0,0.0,0.0,0.0,0.0,0.0,1.0,0.0,0.0,1.0,0.0,0.0,0
0.8197343206583761,-1.9210098241277112,-0.47468233284409056,0.740773734778339,-0.41152263286720764,0.11068539389042806,-1.2849372863246027,-0.3522144395580392,1.0,0.0,1.0,0.0,0.0,0.0,0.0,0.0,0.0,0.0,0.0,0.0,0.0,1.0,0.0,1.0,0.0,0.0,0.0,1
0.8197343206583761,-1.546074009777901,1.600595515309372,1.9302119738683008,0.11544319138433906,2.1191417160380985,-1.2849372863246027,-0.3478895543626742,1.0,0.0,0.0,0.0,1.0,0.0,0.0,0.0,0.0,0.0,0.0,0.0,0.0,1.0,0.0,1.0,0.0,0.0,0.0,0
0.8197343206583761,0.1786307362312254,-0.47468233284409056,-0.44866450431162286,-0.5496034035901297,-0.558800046825462,0.7782480986759835,-0.32064005268170676,0.0,1.0,0.0,0.0,1.0,0.0,0.0,0.0,0.0,0.0,0.0,0.0,0.0,1.0,0.0,0.0,1.0,0.0,0.0,1
-1.5892019141065694,1.8283483193703898,0.5629565912326407,-0.44866450431162286,1.2190358429019532,0.11068539389042806,-1.2849372863246027,0.4892761242565984,1.0,0.0,1.0,0.0,0.0,0.0,0.0,0.0,1.0,0.0,0.0,0.0,0.0,0.0,0.0,1.0,0.0,0.0,0.0,1
0.8197343206583761,-0.5712408924683948,-0.47468233284409056,-0.44866450431162286,-0.5225740996355909,-0.558800046825462,0.7782480986759835,-0.2927417533416687,0.0,1.0,0.0,0.0,1.0,0.0,0.0,0.0,0.0,0.0,0.0,0.0,0.0,1.0,0.0,0.0,1.0,0.0,0.0,0
0.8197343206583761,1.1534638535407316,0.5629565912326407,4.309088452048224,-0.04736122080695342,2.7886271567539884,-1.2849372863246027,-0.4056325460199624,1.0,0.0,0.0,0.0,1.0,0.0,0.0,0.0,0.0,0.0,0.0,0.0,0.0,1.0,0.0,0.0,0.0,1.0,0.0,0
0.8197343206583761,-0.7212152182083188,-0.47468233284409056,-0.44866450431162286,-0.5716039998321962,-0.558800046825462,0.7782480986759835,-0.3433479707491796,0.0,1.0,0.0,0.0,1.0,0.0,0.0,0.0,0.0,0.0,0.0,0.0,0.0,1.0,0.0,0.0,1.0,0.0,0.0,0
0.8197343206583761,-0.2712922409885467,-0.47468233284409056,-0.44866450431162286,0.6716383792146313,-0.558800046825462,0.7782480986759835,0.9398648008858492,0.0,1.0,0.0,0.0,1.0,0.0,0.0,0.0,0.0,0.0,0.0,0.0,0.0,1.0,0.0,0.0,1.0,0.0,0.0,1
0.8197343206583761,0.40359222484111146,-0.47468233284409056,-0.44866450431162286,-0.5716039998321962,-0.558800046825462,0.7782480986759835,-0.3433479707491796,0.0,1.0,0.0,0.0,1.0,0.0,0.0,0.0,0.0,0.0,0.0,0.0,0.0,1.0,0.0,0.0,1.0,0.0,0.0,0
0.8197343206583761,0.028656410491301375,-0.47468233284409056,-0.44866450431162286,-0.5670982777218211,-0.558800046825462,0.7782480986759835,-0.33869738912896125,0.0,1.0,1.0,0.0,0.0,0.0,0.0,0.0,0.0,0.0,0.0,0.0,0.0,1.0,0.0,0.0,1.0,0.0,0.0,0
0.8197343206583761,-0.2712922409885467,1.600595515309372,-0.44866450431162286,-0.20377414549569345,0.7801708346063182,-1.2849372863246027,-0.33877005446677705,0.0,1.0,1.0,0.0,0.0,0.0,0.0,0.0,0.0,0.0,0.0,0.0,0.0,1.0,0.0,0.0,1.0,0.0,0.0,0
0.8197343206583761,-0.7962023810782808,0.5629565912326407,-0.44866450431162286,-0.551383566120345,0.11068539389042806,-1.2849372863246027,-0.4243931791296494,1.0,0.0,0.0,0.0,1.0,0.0,0.0,0.0,0.0,0.0,0.0,0.0,0.0,1.0,0.0,1.0,0.0,0.0,0.0,1
0.8197343206583761,-0.5712408924683948,0.5629565912326407,-0.44866450431162286,-0.38543621160875724,0.11068539389042806,-1.2849372863246027,-0.3387518881323231,1.0,0.0,1.0,0.0,0.0,0.0,0.0,0.0,0.0,0.0,0.0,0.0,0.0,1.0,0.0,1.0,0.0,0.0,0.0,0
-1.5892019141065694,0.7035408763209595,-0.47468233284409056,-0.44866450431162286,-0.7488659466968468,-0.558800046825462,0.7782480986759835,-0.5263089106071039,0.0,1.0,0.0,0.0,1.0,1.0,0.0,0.0,0.0,0.0,0.0,0.0,0.0,0.0,0.0,0.0,1.0,0.0,0.0,0
-1.5892019141065694,1.1534638535407316,-0.47468233284409056,-0.44866450431162286,-0.08130499786614176,-0.558800046825462,0.7782480986759835,0.1627142033259301,0.0,1.0,0.0,0.0,1.0,0.0,0.0,0.0,0.0,0.0,0.0,0.0,0.0,1.0,0.0,0.0,1.0,0.0,0.0,1
0.8197343206583761,-0.5712408924683948,-0.47468233284409056,-0.44866450431162286,-0.5597664218770363,-0.558800046825462,0.7782480986759835,-0.33112981323356105,0.0,1.0,0.0,0.0,1.0,0.0,0.0,0.0,0.0,0.0,0.0,0.0,0.0,1.0,0.0,0.0,1.0,0.0,0.0,0
0.8197343206583761,-0.7212152182083188,-0.47468233284409056,-0.44866450431162286,-0.5496034035901297,-0.558800046825462,0.7782480986759835,-0.32064005268170676,0.0,1.0,0.0,0.0,1.0,0.0,0.0,0.0,0.0,0.0,0.0,0.0,0.0,1.0,0.0,0.0,1.0,0.0,0.0,0
-1.5892019141065694,0.028656410491301375,-0.47468233284409056,-0.44866450431162286,1.6020549088839786,-0.558800046825462,0.7782480986759835,1.9001943343171401,1.0,0.0,0.0,0.0,1.0,0.0,1.0,0.0,0.0,0.0,0.0,0.0,0.0,0.0,0.0,1.0,0.0,0.0,0.0,1
-0.3847337967240967,-0.5712408924683948,0.5629565912326407,0.740773734778339,-0.01970332838835544,0.7801708346063182,-1.2849372863246027,-0.2754404824331179,1.0,0.0,0.0,0.0,1.0,0.0,0.0,0.0,0.0,0.0,0.0,0.0,0.0,1.0,0.0,0.0,0.0,1.0,0.0,1
0.8197343206583761,0.1786307362312254,0.5629565912326407,-0.44866450431162286,-0.35034086048341273,0.11068539389042806,-1.2849372863246027,-0.32064005268170676,0.0,1.0,0.0,0.0,1.0,0.0,0.0,0.0,0.0,0.0,0.0,0.0,0.0,1.0,0.0,0.0,1.0,0.0,0.0,0
0.8197343206583761,-0.2712922409885467,0.5629565912326407,0.740773734778339,-0.3655325864827917,0.7801708346063182,-1.2849372863246027,-0.39442305259831234,0.0,1.0,1.0,0.0,0.0,0.0,0.0,0.0,0.0,0.0,0.0,0.0,0.0,1.0,1.0,0.0,0.0,0.0,0.0,1
-0.3847337967240967,0.4785793877110735,-0.47468233284409056,-0.44866450431162286,-0.42199994538614377,-0.558800046825462,0.7782480986759835,-0.1889341278903641,1.0,0.0,0.0,0.0,1.0,0.0,0.0,0.0,1.0,0.0,0.0,0.0,0.0,0.0,0.0,0.0,0.0,1.0,0.0,1
0.8197343206583761,-0.42126656672847074,-0.47468233284409056,1.9302119738683008,-0.3289688527054052,0.7801708346063182,-1.2849372863246027,-0.3818432985207051,1.0,0.0,0.0,0.0,1.0,0.0,0.0,0.0,0.0,0.0,0.0,1.0,0.0,0.0,0.0,0.0,0.0,1.0,0.0,1
-0.3847337967240967,-0.12131791524862266,-0.47468233284409056,-0.44866450431162286,-0.40942817610496285,-0.558800046825462,0.7782480986759835,-0.17595817470895103,0.0,1.0,0.0,0.0,1.0,0.0,0.0,0.0,0.0,0.0,0.0,0.0,0.0,1.0,0.0,0.0,1.0,0.0,0.0,0
0.8197343206583761,-0.7962023810782808,-0.47468233284409056,-0.44866450431162286,-0.5507549776562859,-0.558800046825462,0.7782480986759835,-0.32182864999312416,1.0,0.0,0.0,1.0,0.0,0.0,0.0,0.0,0.0,0.0,0.0,0.0,0.0,1.0,0.0,1.0,0.0,0.0,0.0,1
0.8197343206583761,-0.6462280553383568,1.600595515309372,1.9302119738683008,0.11544319138433906,2.1191417160380985,-1.2849372863246027,-0.3478895543626742,1.0,0.0,0.0,0.0,1.0,0.0,0.0,0.0,0.0,0.0,0.0,0.0,0.0,1.0,0.0,1.0,0.0,0.0,0.0,0
-0.3847337967240967,0.4785793877110735,-0.47468233284409056,-0.44866450431162286,-0.425142887706439,-0.558800046825462,0.7782480986759835,-0.19217811618571737,0.0,1.0,1.0,0.0,0.0,0.0,0.0,0.0,1.0,0.0,0.0,0.0,0.0,0.0,0.0,0.0,1.0,0.0,0.0,0
0.8197343206583761,0.7785280391909215,-0.47468233284409056,-0.44866450431162286,-0.5503375949161506,-0.558800046825462,0.7782480986759835,-0.32139784834750124,0.0,1.0,0.0,0.0,1.0,0.0,0.0,0.0,0.0,0.0,0.0,0.0,0.0,1.0,0.0,0.0,1.0,0.0,0.0,0
0.8197343206583761,-0.04633075237866064,-0.47468233284409056,-0.44866450431162286,-0.554003522838543,-0.558800046825462,0.7782480986759835,-0.32518163629520136,0.0,1.0,0.0,1.0,0.0,0.0,0.0,0.0,0.0,0.0,0.0,0.0,0.0,1.0,0.0,0.0,1.0,0.0,0.0,1
0.8197343206583761,0.7785280391909215,0.5629565912326407,0.740773734778339,-0.3591410989802393,0.7801708346063182,-1.2849372863246027,-0.3922240610658355,0.0,1.0,0.0,1.0,0.0,0.0,0.0,0.0,0.0,0.0,0.0,0.0,0.0,1.0,0.0,0.0,1.0,0.0,0.0,0
0.8197343206583761,-0.12131791524862266,-0.47468233284409056,-0.44866450431162286,-0.5503375949161506,-0.558800046825462,0.7782480986759835,-0.32139784834750124,1.0,0.0,0.0,0.0,1.0,0.0,0.0,0.0,0.0,0.0,0.0,0.0,0.0,1.0,0.0,1.0,0.0,0.0,0.0,0
0.8197343206583761,0.1786307362312254,-0.47468233284409056,-0.44866450431162286,0.6716383792146313,-0.558800046825462,0.7782480986759835,0.9398648008858492,0.0,1.0,0.0,0.0,1.0,0.0,0.0,0.0,0.0,0.0,0.0,0.0,0.0,1.0,0.0,0.0,1.0,0.0,0.0,1
0.8197343206583761,-0.5712408924683948,1.600595515309372,-0.44866450431162286,-0.1642786751219356,0.7801708346063182,-1.2849372863246027,-0.32518163629520136,1.0,0.0,0.0,1.0,0.0,0.0,0.0,0.0,0.0,0.0,0.0,0.0,0.0,1.0,0.0,1.0,0.0,0.0,0.0,1
-0.3847337967240967,-0.04633075237866064,-0.47468233284409056,-0.44866450431162286,-0.48485879179204816,-0.558800046825462,0.7782480986759835,-0.25381389379742947,1.0,0.0,0.0,0.0,1.0,0.0,0.0,0.0,0.0,0.0,1.0,0.0,0.0,0.0,0.0,0.0,0.0,1.0,0.0,1
-1.5892019141065694,1.4534125050205797,0.5629565912326407,-0.44866450431162286,0.6825355888275589,0.11068539389042806,-1.2849372863246027,0.212401723248197,0.0,1.0,1.0,0.0,0.0,1.0,0.0,0.0,0.0,0.0,0.0,0.0,0.0,0.0,0.0,0.0,0.0,0.0,1.0,1
0.8197343206583761,0.32860506197114947,-0.47468233284409056,-0.44866450431162286,-0.5855385489034572,-0.558800046825462,0.7782480986759835,-0.3577305172554579,0.0,1.0,0.0,0.0,1.0,0.0,0.0,0.0,0.0,0.0,0.0,0.0,0.0,1.0,0.0,0.0,1.0,0.0,0.0,0
0.8197343206583761,3.065636506724763,-0.47468233284409056,-0.44866450431162286,-0.554003522838543,-0.558800046825462,0.7782480986759835,-0.32518163629520136,0.0,1.0,0.0,1.0,0.0,0.0,0.0,0.0,0.0,0.0,0.0,0.0,0.0,1.0,0.0,0.0,1.0,0.0,0.0,0
0.8197343206583761,-0.3462794038585087,0.5629565912326407,-0.44866450431162286,-0.553374934374484,0.11068539389042806,-1.2849372863246027,-0.4254208746216173,0.0,1.0,0.0,0.0,1.0,0.0,0.0,0.0,0.0,0.0,0.0,0.0,0.0,1.0,0.0,0.0,1.0,0.0,0.0,1
-1.5892019141065694,0.7035408763209595,0.5629565912326407,-0.44866450431162286,0.6566578589391762,0.11068539389042806,-1.2849372863246027,0.19904687223388665,1.0,0.0,0.0,0.0,1.0,0.0,0.0,0.0,0.0,1.0,0.0,0.0,0.0,0.0,0.0,0.0,0.0,1.0,0.0,1
0.8197343206583761,-0.7962023810782808,-0.47468233284409056,-0.44866450431162286,-0.5437374160435308,-0.558800046825462,0.7782480986759835,-0.3145854729272594,0.0,1.0,0.0,0.0,1.0,0.0,0.0,0.0,0.0,0.0,0.0,0.0,0.0,1.0,0.0,0.0,1.0,0.0,0.0,0
0.8197343206583761,-0.3462794038585087,-0.47468233284409056,-0.44866450431162286,-0.5665752921197239,-0.558800046825462,0.7782480986759835,-0.3381575894766144,0.0,1.0,0.0,0.0,1.0,0.0,0.0,0.0,0.0,0.0,0.0,0.0,0.0,1.0,0.0,0.0,1.0,0.0,0.0,0
-1.5892019141065694,-0.3462794038585087,0.5629565912326407,1.9302119738683008,3.0616373224290796,1.4496562753222082,-1.2849372863246027,0.4569439417144715,1.0,0.0,0.0,0.0,1.0,0.0,0.0,1.0,0.0,0.0,0.0,0.0,0.0,0.0,0.0,0.0,0.0,1.0,0.0,0
-1.5892019141065694,0.9285023649308456,0.5629565912326407,-0.44866450431162286,0.5585980585459652,0.11068539389042806,-1.2849372863246027,0.1484406548263757,0.0,1.0,0.0,0.0,1.0,0.0,0.0,0.0,0.0,0.0,0.0,0.0,0.0,1.0,0.0,0.0,1.0,0.0,0.0,0
0.8197343206583761,-0.6462280553383568,-0.47468233284409056,-0.44866450431162286,-0.5496034035901297,-0.558800046825462,0.7782480986759835,-0.32064005268170676,0.0,1.0,0.0,0.0,1.0,0.0,0.0,0.0,0.0,0.0,0.0,0.0,0.0,1.0,0.0,0.0,1.0,0.0,0.0,0
0.8197343206583761,-0.2712922409885467,-0.47468233284409056,-0.44866450431162286,-0.5503375949161506,-0.558800046825462,0.7782480986759835,-0.32139784834750124,0.0,1.0,0.0,0.0,1.0,0.0,0.0,0.0,0.0,0.0,0.0,0.0,0.0,1.0,0.0,0.0,1.0,0.0,0.0,0
-1.5892019141065694,-0.4962537295984327,-0.47468233284409056,0.740773734778339,0.8441859125988389,0.11068539389042806,-1.2849372863246027,0.29582542384681976,0.0,1.0,1.0,0.0,0.0,0.0,0.0,0.0,1.0,0.0,0.0,0.0,0.0,0.0,0.0,0.0,1.0,0.0,0.0,1
-0.3847337967240967,1.9033354822403519,-0.47468233284409056,-0.44866450431162286,-0.34656932969905846,-0.558800046825462,0.7782480986759835,-0.11107840880188569,1.0,0.0,0.0,0.0,1.0,0.0,0.0,0.0,0.0,0.0,0.0,0.0,0.0,1.0,0.0,0.0,0.0,1.0,0.0,1
0.8197343206583761,1.1534638535407316,-0.47468233284409056,-0.44866450431162286,-0.5734897652243733,-0.558800046825462,0.7782480986759835,-0.3452943637263916,0.0,1.0,0.0,0.0,1.0,0.0,0.0,0.0,0.0,0.0,0.0,0.0,0.0,1.0,0.0,0.0,1.0,0.0,0.0,0
0.8197343206583761,-0.2712922409885467,0.5629565912326407,-0.44866450431162286,-0.24683245528373804,0.11068539389042806,-1.2849372863246027,-0.26722194621978357,0.0,1.0,0.0,0.0,1.0,0.0,0.0,0.0,0.0,0.0,0.0,0.0,0.0,1.0,0.0,0.0,1.0,0.0,0.0,0
-1.5892019141065694,-1.096151032558129,-0.47468233284409056,0.740773734778339,4.564906634226284,0.11068539389042806,-1.2849372863246027,2.2159965948697806,1.0,0.0,0.0,0.0,1.0,0.0,1.0,0.0,0.0,0.0,0.0,0.0,0.0,0.0,0.0,1.0,0.0,0.0,0.0,1
-1.5892019141065694,0.2536178991011874,-0.47468233284409056,-0.44866450431162286,-0.6231482538850379,-0.558800046825462,0.7782480986759835,-0.3965493787929732,0.0,1.0,0.0,0.0,1.0,0.0,1.0,0.0,0.0,0.0,0.0,0.0,0.0,0.0,0.0,0.0,1.0,0.0,0.0,0
0.8197343206583761,0.1036435733612634,-0.47468233284409056,-0.44866450431162286,-0.5305370582982908,-0.558800046825462,0.7782480986759835,-0.3009607220867757,1.0,0.0,0.0,0.0,1.0,0.0,0.0,0.0,0.0,0.0,0.0,0.0,0.0,1.0,0.0,0.0,0.0,1.0,0.0,1
-0.3847337967240967,0.1786307362312254,1.600595515309372,-0.44866450431162286,1.0991841376367433,0.7801708346063182,-1.2849372863246027,0.10951279528213649,0.0,1.0,0.0,0.0,1.0,0.0,0.0,0.0,0.0,0.0,0.0,0.0,0.0,1.0,0.0,0.0,1.0,0.0,0.0,0
-1.5892019141065694,1.6783739936304658,0.5629565912326407,0.740773734778339,1.6020549088839786,0.7801708346063182,-1.2849372863246027,0.2825255043676441,1.0,0.0,0.0,0.0,1.0,0.0,1.0,0.0,0.0,0.0,0.0,0.0,0.0,0.0,0.0,0.0,0.0,1.0,0.0,1
0.8197343206583761,0.5535665505810355,1.600595515309372,-0.44866450431162286,-0.5496034035901297,0.7801708346063182,-1.2849372863246027,-0.4577526246319715,0.0,1.0,0.0,0.0,1.0,0.0,0.0,0.0,0.0,0.0,0.0,0.0,0.0,1.0,0.0,0.0,1.0,0.0,0.0,0
-1.5892019141065694,1.5283996678905418,-0.47468233284409056,-0.44866450431162286,-0.026932095725034487,-0.558800046825462,0.7782480986759835,0.21883520083554156,1.0,0.0,1.0,0.0,0.0,0.0,0.0,1.0,0.0,0.0,0.0,0.0,0.0,0.0,0.0,1.0,0.0,0.0,0.0,0
-1.5892019141065694,1.5283996678905418,0.5629565912326407,-0.44866450431162286,1.9270351448025045,0.11068539389042806,-1.2849372863246027,0.8546569067247819,0.0,1.0,1.0,0.0,0.0,0.0,0.0,1.0,0.0,0.0,0.0,0.0,0.0,0.0,0.0,0.0,1.0,0.0,0.0,0
0.8197343206583761,-0.5712408924683948,-0.47468233284409056,-0.44866450431162286,-0.5442604016456278,-0.558800046825462,0.7782480986759835,-0.3151252725796062,1.0,0.0,0.0,1.0,0.0,0.0,0.0,0.0,0.0,0.0,0.0,0.0,0.0,1.0,0.0,1.0,0.0,0.0,0.0,0
-0.3847337967240967,0.32860506197114947,0.5629565912326407,-0.44866450431162286,-0.2208516368872496,0.11068539389042806,-1.2849372863246027,-0.25381389379742947,0.0,1.0,0.0,0.0,1.0,0.0,0.0,0.0,0.0,0.0,0.0,0.0,0.0,1.0,0.0,0.0,1.0,0.0,0.0,0
-0.3847337967240967,0.1786307362312254,-0.47468233284409056,-0.44866450431162286,-0.42199994538614377,-0.558800046825462,0.7782480986759835,-0.1889341278903641,1.0,0.0,0.0,0.0,1.0,0.0,0.0,0.0,0.0,0.0,0.0,0.0,0.0,1.0,0.0,0.0,0.0,1.0,0.0,1
0.8197343206583761,1.3784253421506176,0.5629565912326407,3.119650212958262,0.11544319138433906,2.1191417160380985,-1.2849372863246027,-0.3478895543626742,1.0,0.0,0.0,0.0,1.0,0.0,0.0,0.0,0.0,0.0,0.0,0.0,0.0,1.0,0.0,0.0,0.0,1.0,0.0,0
-1.5892019141065694,1.3034381792806558,-0.47468233284409056,-0.44866450431162286,0.21916028795408138,-0.558800046825462,0.7782480986759835,0.4728394843617024,0.0,1.0,0.0,0.0,1.0,0.0,0.0,0.0,0.0,1.0,0.0,0.0,0.0,0.0,0.0,0.0,1.0,0.0,0.0,0
-1.5892019141065694,-0.7962023810782808,-0.47468233284409056,1.9302119738683008,-0.08801077960072365,0.7801708346063182,-1.2849372863246027,-0.2989416637717478,1.0,0.0,0.0,0.0,1.0,0.0,0.0,0.0,1.0,0.0,0.0,0.0,0.0,0.0,0.0,1.0,0.0,0.0,0.0,1
